puuid,user,tag,hs_percent,body_percent,leg_percent,s_damage_per_round,s_kd_ratio,s_hs_percent,s_win_percent,s_kast_percent,s_dd_round,s_acs,s_kad_ratio,s_kills_per_round,deaths_per_game,kills_per_game,assists_per_game,first_bloods_per_game,flawless_rounds_per_game,aces_per_game,smurf_label
003f1ca7-ce96-5bf1-b042-c0da89a3d653,alex g,aji,46.3,51.9,1.9,224.9,1.44,46.3,0.0,95.2,81.0,362.8,1.67,1.2,15.37329069767442,15.56213953488372,5.044116279069767,2.01281015037594,0.7458750000000001,0.0202020408163265,most likely smurf
4afa2ab1-5529-50d9-ad04-8d44dc1d55cb,moxy,goty,23.7,71.3,5.0,137.0,1.02,26.0,49.2,69.9,-3.0,209.6,1.3,0.7,14.972235294117649,15.216627450980392,4.315450980392157,2.373176470588235,0.7203137254901961,0.0064313725490196,normal player
d3aab4bc-545b-5ad4-82dc-e25f7d553298,smokeybear6969,7711,18.0,73.0,9.0,130.2,0.91,17.1,52.6,67.6,-29.0,202.1,1.26,0.7,15.448814814814815,14.046148148148148,5.493777777777778,2.292320987654321,0.6948395061728395,0.0389629629629629,normal player
93c877c0-5a06-5314-a80e-9475e623a4a2,SmashCrash,5959,15.4,78.2,6.4,136.6,0.83,14.5,53.6,71.9,-20.0,208.4,1.27,0.7,17.485189189189192,14.500972972972974,7.663351351351352,1.7094054054054055,0.8112432432432434,0.0144864864864864,normal player
8bebf40c-5c2e-5ebb-9242-37bccab2a7c8,SambarDaddy,2681,38.5,58.5,2.9,150.4,0.98,38.5,40.0,61.9,6.0,234.4,1.17,0.8,17.4,17.0,3.4,3.4,0.2,0.0,normal player
5d4266f6-b453-5a74-aa9f-b540cd41b4d1,Fishel Price,42069,10.4,78.4,11.2,139.8,0.89,10.4,50.0,66.0,-6.0,197.5,1.23,0.7,17.5,15.5,6.0,4.5,0.0,0.0,normal player
f799f915-7d6f-54da-99f3-bb74855a07a7,LFT rdawg,hello,24.5,69.5,6.0,127.7,0.89,24.5,66.7,67.1,-14.0,188.6,1.18,0.7,15.090875,13.423375,4.335500000000001,1.50075,0.667,0.0,normal player
4e76fd54-f9be-57fe-acbf-ced900cf6771,Deal,Green,15.1,78.2,6.7,132.8,0.94,20.5,50.7,70.0,-6.0,203.1,1.27,0.7,15.540958333333336,14.632583333333336,5.133375000000001,1.9435000000000004,0.7464166666666668,0.0070416666666666,normal player
16aa44aa-310d-5ace-a8cf-47fb8bcc427c,hyuga,momoi,21.0,71.2,7.7,119.2,0.78,21.2,46.2,65.7,-29.0,185.7,1.13,0.6,15.785000000000002,12.3585,5.4670000000000005,1.8865000000000005,0.4235,0.0,normal player
51dd48a0-c52d-5265-9939-f5296cce8fb0,noobgamer69,iron3,35.8,60.4,3.7,170.5,1.15,35.8,46.7,69.5,25.0,260.2,1.39,0.9,14.610428571428573,16.745285714285714,3.535857142857143,3.402428571428572,0.6671428571428571,0.0,most likely smurf
1b4b9ae8-0713-5851-a494-004da22399df,JMBoy,rice,21.2,71.8,7.0,127.7,0.91,20.9,43.5,68.4,-17.0,198.9,1.22,0.7,16.02975,14.55075,4.991625,1.8541875,0.6470625,0.0163124999999999,normal player
d0ff9037-cd3a-5e83-9b73-1a69d2b28e54,Wilson,9904,17.4,78.0,4.7,126.5,0.88,16.0,30.8,70.8,-12.0,193.5,1.33,0.7,15.477,13.654666666666666,6.955666666666666,0.8213333333333332,0.7443333333333333,0.0,normal player
38153fbd-d1a0-5bd3-8b09-ee307275e045,Akuma,7989,32.7,63.8,3.4,119.9,0.8,29.8,54.8,66.8,-21.0,175.3,1.13,0.6,16.82682352941176,13.506588235294116,5.447764705882353,1.8051764705882352,0.7736470588235294,0.032235294117647,normal player
e0fefec1-62da-538e-bdd0-43168083447e,TiredHope,Vex,20.5,74.5,5.1,132.8,0.89,19.4,42.2,67.0,-13.0,197.0,1.15,0.7,15.791684210526316,14.059263157894735,4.1089473684210525,1.3770526315789473,0.4886315789473684,0.0666315789473684,normal player
52587dd0-c398-5ad9-a0df-abbbebcb588c,TTV Mister PK14,999,30.0,65.6,4.0,153.0,1.01,26.4,49.8,68.2,5.0,234.0,1.29,0.8,16.747555555555554,16.965199999999996,4.6148,3.290488888888889,0.7340888888888888,0.0331999999999999,suspicious
e12116d3-eb92-52ea-8550-c43b7477f039,cappa,leesa,34.9,60.0,5.1,153.0,1.04,31.5,52.6,71.0,4.0,235.5,1.36,0.8,16.49219469026549,17.129911504424783,5.260000000000001,2.839469026548673,0.688920353982301,0.0512035398230088,suspicious
b3e09705-5bff-57a0-84cb-2cc1dbad6c28,Tsiao,3508,21.5,72.8,5.7,131.4,1.01,22.7,51.4,73.3,1.0,200.5,1.52,0.7,15.220111111111107,15.419999999999998,7.709999999999999,1.4848888888888887,0.6567777777777777,0.0285555555555555,normal player
8cd5cb9d-c8ce-5374-9b80-ca3882bf496f,DatDudeee,NA1,24.9,69.9,5.2,160.6,1.14,24.5,50.0,71.6,19.0,245.0,1.49,0.9,15.76923076923077,17.974358974358974,5.5256410256410255,2.6666666666666665,0.8717948717948718,0.0512820512820512,most likely smurf
4c6a4d6e-109c-5c23-b8d1-2245fea8aabb,Syns,808,25.3,71.4,3.3,143.1,0.95,26.7,43.3,69.9,2.0,209.5,1.2,0.7,16.653846153846153,15.854461538461535,4.130153846153846,2.398153846153846,0.5995384615384615,0.0,normal player
1ee7667c-c360-57da-a497-f5a55f758abb,AYH,92PK,26.9,69.2,3.8,141.2,1.01,27.1,53.2,70.8,-5.0,218.5,1.27,0.8,15.816,15.968,4.04,2.284,0.696,0.024,suspicious
e8147119-305e-59e3-861d-af2d5bfa9949,sung jinwoo,RXJG,26.7,69.7,3.5,116.5,0.86,27.2,27.3,61.9,-25.0,177.6,1.14,0.6,15.6065,13.4225,4.4135,2.0475,0.5915,0.0,normal player
abb7c1ce-9af9-582c-ae71-8ce56ebeaa3f,kristine derp,9462,9.5,77.2,13.4,113.5,0.82,9.5,42.9,73.7,-13.0,167.7,1.31,0.6,14.729,12.012,7.292999999999999,1.001,0.715,0.0,normal player
88339ef2-e4fe-57cc-8eed-73798a2c22e0,dlwlrma,ayem,24.4,67.2,8.4,129.7,0.93,24.9,48.2,68.5,-9.0,191.4,1.19,0.7,15.606575757575758,14.511121212121212,4.031272727272728,1.446,0.7887272727272727,0.0292121212121212,normal player
27fbf383-ab1d-5f4e-b5fc-cff47dd6c991,SlowStrokeKing,DDG,16.5,75.7,7.8,136.8,0.85,18.6,49.5,68.1,-18.0,209.7,1.17,0.7,17.101764705882353,14.490882352941176,5.522647058823529,2.4847058823529413,0.6114705882352941,0.0,normal player
238bc9f4-abbb-51a8-89d9-6cb5d69a4f27,Killua,999J,30.0,66.3,3.7,159.5,1.2,30.6,53.7,70.2,15.0,244.2,1.41,0.9,15.43875,18.55090909090909,3.197590909090909,2.843659090909091,0.9763636363636364,0.0122045454545454,suspicious
75d04237-7d25-5e8d-bead-bfe37143478a,Swannybird,2242,17.9,73.3,8.8,140.0,0.99,18.6,57.3,72.7,-4.0,216.9,1.41,0.7,15.65755813953488,15.56427906976744,6.582837209302324,1.94553488372093,0.8528372093023254,0.0,normal player
eb8bba2d-f031-5035-afab-2edfdd256d92,Igris,KSH,20.3,73.9,5.8,123.6,0.9,20.9,46.9,70.7,-18.0,192.2,1.32,0.7,15.52313114754098,14.046934426229504,6.381475409836065,1.5607704918032783,0.7227213114754097,0.0153770491803278,normal player
cc087e74-75c7-5397-9507-cdc1af8b4874,MarshmallowSamy,spoky,26.1,68.7,5.2,117.9,0.72,26.1,53.3,62.9,-38.0,179.2,0.97,0.6,16.65625,11.925875,4.264,1.599,0.599625,0.0,normal player
5d199cc4-36e8-5184-bad5-5c172cfa7f54,Mochiii,egirl,27.0,68.4,4.6,151.0,1.07,28.4,58.6,71.8,6.0,229.3,1.46,0.8,15.773533834586466,16.826571428571427,6.141984962406015,2.374842105263158,0.8415488721804512,0.0616842105263157,suspicious
d65067f7-c304-56f0-b544-4cb01e1abb76,vandy,1209,8.4,77.2,14.4,91.8,0.53,8.6,40.9,63.5,-47.0,132.5,0.86,0.4,16.587222222222223,8.725333333333333,5.544222222222222,0.9543333333333334,0.7725555555555556,0.0,normal player
f9dafe17-d1bf-5e04-9826-5d81442241fc,slimezeyslimezey,S2S2,32.4,64.0,3.6,152.6,0.98,31.9,60.4,72.8,-5.0,235.2,1.29,0.8,17.2895,16.968625,5.39825,2.869,0.698375,0.03775,suspicious
b588e930-7792-511d-9c69-becc5b92f2af,Ziproo YG,GGG,18.9,75.7,5.4,148.3,1.05,21.2,42.7,71.8,6.0,225.6,1.41,0.8,15.8966,16.653000000000002,5.795000000000001,2.684,0.6466000000000001,0.0244,suspicious
0062c810-8fd6-5c0f-87d2-201d21084607,UFA69,6969,32.4,64.1,3.5,172.3,1.21,32.4,53.8,73.0,27.0,266.5,1.41,1.0,16.98542857142857,20.52085714285714,3.381714285714285,3.228,0.6917142857142856,0.0,most likely smurf
d51b88a7-b72e-585a-88e8-c9d1048acb9c,bird1,1234,24.6,70.7,4.7,160.3,1.07,28.5,49.0,70.9,15.0,232.8,1.35,0.8,15.4180198019802,16.524158415841587,4.220792079207921,2.5421782178217827,0.7713861386138615,0.0533663366336633,suspicious
7e0585b4-7b9a-51a5-a233-3dd66cac9a7b,A5tr0,NFF,24.2,71.3,4.5,144.4,1.02,27.5,54.5,73.7,5.0,214.8,1.34,0.8,15.763655172413792,16.143275862068965,4.905,1.676344827586207,0.8005862068965517,0.0112758620689655,suspicious
6adb4910-84ca-5b0f-adbd-1eddc1d999ff,texture,KRI,27.6,66.5,5.9,174.5,1.3,30.2,58.2,73.0,34.0,269.8,1.6,1.0,15.265282442748092,19.91683969465649,4.4782900763358775,3.149908396946565,0.7374961832061069,0.0399847328244274,most likely smurf
d18c80e5-3808-5122-bb23-06aa070a1eef,IRS,777,24.4,69.5,6.0,108.8,0.78,26.8,42.0,66.5,-26.0,159.5,1.05,0.6,14.665,11.375,4.071666666666667,0.6766666666666667,0.7116666666666667,0.0,normal player
16cfab47-ebcd-5ba2-a57a-f4861e2ac684,paralvzed,5954,22.4,72.8,4.9,131.8,1.0,21.0,52.6,73.5,-2.0,201.0,1.46,0.7,13.645058823529412,13.676,6.239803921568628,1.5367450980392157,0.783843137254902,0.010313725490196,normal player
915f0668-c5de-5561-a7bc-b0d6e2cddcdb,Thunderhorse110,4670,15.1,74.5,10.4,109.1,0.64,13.3,40.8,63.6,-37.0,158.2,0.94,0.5,16.993199999999998,10.7916,5.1408,1.7135999999999998,0.6324,0.0203999999999999,normal player
e17abc24-a74f-5d80-8926-65405ed3df04,Deepwoken,Vent,22.1,73.2,4.7,155.4,1.06,22.1,45.5,72.1,12.0,234.5,1.35,0.8,15.561,16.471,4.55,2.73,0.819,0.0,suspicious
39680f32-dbf5-5647-9b6b-7bae30611280,TempZ,jello,23.4,70.8,5.8,140.1,0.97,25.6,54.0,70.9,-4.0,207.1,1.29,0.7,16.08,15.56,5.26,2.16,0.56,0.02,normal player
d59e8e86-f1a5-5bfe-b0ca-784954449f64,diegos sugarbaby,51042,13.4,75.7,10.9,104.9,0.65,14.1,50.0,65.5,-41.0,157.5,1.06,0.5,16.663793103448278,10.78448275862069,6.818965517241379,1.4655172413793105,0.7155172413793104,0.0,normal player
e2a175cf-afe2-5851-9ebc-581768c759e8,nugeminion,8888,28.0,67.3,4.7,179.5,1.3,28.4,58.0,72.8,34.0,276.9,1.64,1.0,15.017538461538464,19.57723076923077,4.979076923076923,2.775076923076923,0.820923076923077,0.0892307692307692,most likely smurf
7ce9010e-8442-5845-aeb3-7ded205918e0,R3born,FAKE,17.1,75.0,7.9,179.0,1.29,17.1,50.0,78.7,46.0,267.7,1.66,0.9,14.9,19.2,5.55,3.1,0.85,0.0,most likely smurf
f4151d30-6845-5cd1-82df-997b8ecc899e,Brownbag9639,9789,14.2,75.4,10.4,126.9,0.99,15.6,49.5,72.1,-1.0,196.7,1.38,0.7,14.23125,14.128125,5.506875,1.4953125,0.763125,0.0103125,normal player
a3945972-3f76-574a-800a-416ebe60bc3c,meotras,0,16.8,72.4,10.8,108.8,0.75,18.0,39.5,68.4,-28.0,162.6,1.18,0.5,14.55328125,10.89953125,6.319999999999999,0.9134375,0.62953125,0.0123437499999999,normal player
963e249f-8f93-5fc5-b167-ea668e614b5f,MCDONALDS CEO,Will,24.4,69.4,6.2,153.3,1.06,23.1,61.3,75.5,5.0,239.1,1.51,0.8,16.873631578947368,17.906052631578945,7.54957894736842,1.613157894736842,0.806578947368421,0.0645263157894736,suspicious
2561cc8a-8424-5ecc-8634-8afd288f53e5,xona,호랑이,22.4,72.0,5.6,124.7,0.84,26.3,47.7,70.6,-19.0,184.4,1.22,0.6,16.04874193548387,13.47909677419355,6.100983870967743,1.369451612903226,0.8770645161290324,0.0076935483870967,normal player
c640b75c-fb8a-52b0-b02d-2675c66977cc,C9 UBER GOONER,XITER,30.0,65.5,4.6,153.9,1.14,29.3,59.9,76.3,21.0,230.7,1.6,0.8,15.086901098901096,17.17352747252747,6.951032967032966,1.7048461538461537,0.8425494505494504,0.0394945054945054,suspicious
5b4b0f65-a0f8-5068-9f07-ae7b1231a750,mew,613,17.7,74.9,7.4,133.4,0.98,18.0,49.1,72.8,-7.0,204.7,1.28,0.7,14.402666666666669,14.09351851851852,4.328074074074074,1.4366296296296297,0.6728518518518519,0.0181851851851851,normal player
01ee3597-8012-5c7a-8ae6-00ce58584334,june,zzzz,25.8,70.1,4.1,190.4,1.41,25.8,78.6,73.9,54.0,284.2,1.72,1.0,16.363090909090907,23.07981818181818,5.001818181818181,3.501272727272727,1.1432727272727272,0.1429090909090909,most likely smurf
196071a6-f568-577b-a44a-e16ff1085439,งˉｪˉง,bagel,26.7,68.0,5.3,139.5,0.99,28.3,38.8,70.6,2.0,206.2,1.3,0.7,15.56476923076923,15.475230769230768,4.835076923076922,1.6713846153846152,0.7312307692307692,0.0298461538461538,normal player
6b125d2c-b21a-59bb-9b0a-a95e02c96093,wec1euyw907qtegc,AHAHH,27.0,64.5,8.5,115.0,0.8,25.5,44.4,67.5,-27.0,167.0,1.08,0.6,15.54,12.3654,4.3512,1.0434,0.888,0.0222,normal player
34e62047-8a01-5838-b95b-fc6ff528d82f,Aloe,Daddy,31.8,62.0,6.2,149.4,1.09,31.2,58.1,68.4,9.0,229.2,1.32,0.8,15.26868,16.70956,3.47438,2.70746,0.70882,0.03486,suspicious
9a4cddb1-7a13-5c2a-be0b-6d76e4fb6b78,palms,9999,25.3,69.5,5.1,149.1,1.03,25.9,50.4,71.9,7.0,222.0,1.36,0.8,15.6744,16.220399999999998,5.04,2.1504,0.8735999999999999,0.0504,suspicious
5c0d7166-2178-55df-a16d-8750316663ad,Kip,cuh,26.9,65.9,7.1,148.6,1.03,25.0,49.4,70.7,11.0,219.9,1.38,0.8,14.949380952380952,15.419857142857142,5.269333333333333,2.128904761904762,0.8586190476190476,0.0117619047619047,normal player
c34dba95-a31f-563b-8eda-e41755d1082a,L1rk,123,11.3,77.3,11.5,125.4,0.92,11.3,63.2,66.8,-16.0,190.8,1.21,0.7,15.852666666666668,14.641333333333336,4.529333333333334,1.264,0.8426666666666668,0.0,normal player
049a025a-78db-5ab2-ac88-941742bd6b57,pANcada,0820,23.9,70.2,5.9,105.7,0.78,23.8,53.5,70.1,-24.0,153.4,1.15,0.5,14.700869565217392,11.42108695652174,5.466304347826087,0.953695652173913,0.8141304347826087,0.0,normal player
3778548b-10f2-5e98-b410-4c16c125b1d3,Neferpitou,19982,34.2,60.5,5.3,147.0,1.04,35.4,51.5,68.7,2.0,226.4,1.31,0.8,16.11431952662722,16.79692307692308,4.284556213017751,3.065621301775148,0.7679289940828402,0.0365680473372781,suspicious
49f6db28-6460-5c1b-9894-303ba7e4be96,coolguy2016,cool,14.7,77.7,7.7,153.7,1.1,14.7,57.1,72.1,16.0,236.2,1.52,0.8,14.70325,16.13075,6.281,1.85575,0.99925,0.0,suspicious
d94257b1-3878-51d9-b3be-15f5a85533b9,OkSteeL,420,10.6,74.6,14.8,132.0,0.97,13.0,48.6,70.2,-5.0,203.0,1.28,0.7,15.524228571428573,15.052114285714287,4.790571428571429,1.4302285714285716,0.6942857142857144,0.0,normal player
af832173-4c2d-569d-b80f-e32be0c61007,man,7497,23.6,72.7,3.7,136.9,1.12,23.1,51.7,66.9,14.0,203.5,1.44,0.7,13.373066666666668,15.027466666666667,4.170466666666667,2.309266666666667,0.8272,0.0,suspicious
a9ce9312-5f6b-500b-bffc-00b31ff0c8ce,Kk1z,0203,25.3,70.0,4.7,142.2,0.99,25.3,77.8,72.6,5.0,214.7,1.3,0.7,14.893142857142855,14.670857142857145,4.668,1.667142857142857,0.3334285714285714,0.0,normal player
ae5cc25c-e28a-5e03-ba80-a27b13589d9d,betray,lies,22.0,70.3,7.8,129.5,1.05,20.2,56.0,74.9,1.0,199.7,1.5,0.7,14.026666666666667,14.72,6.293333333333333,1.0133333333333334,0.6,0.0,normal player
79609c68-886e-573e-87c5-5dc6edbbab79,Rainny,storm,29.9,65.9,4.2,132.9,0.92,29.6,43.6,70.9,-7.0,199.3,1.32,0.7,16.004833333333334,14.733166666666667,6.394666666666667,1.635,0.7266666666666667,0.0363333333333333,normal player
db7c6810-3941-5588-99c2-d8a9d5dee4c1,Middle,NA01,39.3,56.7,3.9,132.7,0.97,38.6,53.0,67.5,-9.0,203.9,1.18,0.7,15.602190476190476,15.16304761904762,3.18504761904762,2.6600952380952383,0.6915238095238095,0.0201904761904761,normal player
aa7cbd9d-2192-5286-a25e-b8f8f8d258cc,logunj,0414,29.1,64.3,6.7,138.9,1.0,25.9,50.6,73.3,6.0,206.4,1.44,0.7,14.8235,14.858,6.4285,1.4835,0.897,0.0115,normal player
b0e7eb99-65b6-5e23-97ee-cf219f030cd2,Automat0n,H0RNY,22.0,68.0,9.9,122.5,0.99,22.0,64.0,71.8,-2.0,183.6,1.42,0.7,13.96,13.8,5.96,1.2,1.0,0.0,normal player
a358eb56-37e2-50a5-83d1-19fa1e4fdf67,MzKz,NA1,14.0,74.9,11.0,143.2,0.98,16.7,49.6,67.9,-3.0,217.7,1.32,0.7,15.76516923076923,15.482830769230768,5.333907692307692,2.6249846153846152,0.7401846153846153,0.0228923076923076,normal player
ccc41a17-3e23-5125-bb8d-32f88fddb218,Man,pug,28.1,66.7,5.2,143.8,1.04,28.0,51.0,70.5,9.0,213.4,1.35,0.7,14.905,15.435,4.745,1.995,0.8,0.015,normal player
cc57b4d5-ad71-5384-8e68-b4bfb4575a1e,Tysonballer,pegE,32.4,62.5,5.1,140.7,1.04,31.5,54.2,66.9,-1.0,213.3,1.29,0.8,15.134307692307694,15.718000000000002,3.794000000000001,2.876769230769231,0.5836923076923077,0.0416923076923076,normal player
8d234b47-2dbe-5171-9e1f-d298e32b8a8e,Peparony Pitsa,Tasty,28.5,68.6,2.9,142.1,0.96,28.5,41.2,62.0,-3.0,217.0,1.16,0.8,16.18571428571429,15.479428571428574,3.354857142857143,2.8251428571428576,0.7651428571428572,0.0588571428571428,normal player
57d338d4-e524-53b8-bf41-398f97551696,cat,bleh,29.2,67.5,3.3,130.1,0.81,29.0,58.3,76.3,-25.0,191.1,1.23,0.6,17.49,14.11692857142857,7.370785714285714,1.0827142857142855,0.4997142857142856,0.0,normal player
83e068a0-a77f-56f4-9b34-aa85b732df12,Cqbem,SIGMA,19.0,71.7,9.3,112.1,0.83,18.8,52.6,67.0,-18.0,172.0,1.17,0.6,14.0968,11.694733333333332,4.804133333333333,1.315,0.5610666666666666,0.0,normal player
c0d73a9d-bb5e-5a67-a6d7-374e274e22c0,Mc13reezy,8482,12.9,75.1,11.9,143.3,1.05,14.2,44.4,73.8,4.0,220.2,1.52,0.8,14.45775,15.207,6.7155,1.19325,0.63825,0.02775,normal player
e4449238-b982-57b2-96f9-95a3c4a54278,Matcha Mochi,MXP,22.6,69.9,7.5,126.6,0.87,21.9,45.7,70.2,-11.0,189.1,1.33,0.6,15.37858139534884,13.423046511627907,7.088813953488373,1.5197906976744189,0.8396046511627907,0.0212558139534883,normal player
5043dbc5-10f0-5479-aa7c-cac7cbf7ffe2,leomessi,2397,30.9,64.4,4.7,161.3,1.17,26.2,58.5,73.9,26.0,243.6,1.55,0.8,15.194605263157897,17.796315789473685,5.742236842105264,2.7864473684210527,0.8313157894736842,0.0307894736842105,most likely smurf
ed718ba4-f25b-5be6-9624-5004258fdd81,Jisoo,2579,21.4,72.0,6.6,115.4,0.84,20.7,44.0,68.1,-19.0,172.6,1.23,0.6,14.2,11.96,5.52,1.56,1.0,0.0,normal player
316925b7-adcc-5fd4-a353-e5193f5b2074,Mellow,Rainz,32.9,62.6,4.6,137.5,1.04,31.6,53.5,68.1,1.0,211.7,1.37,0.8,14.863695652173911,15.468478260869563,4.8847826086956525,2.070217391304348,1.07,0.0232608695652173,suspicious
a9368b81-c379-56ad-96b0-d9d5e5031d6b,kimmothy,faded,40.9,54.7,4.4,163.5,1.12,35.1,52.3,68.5,11.0,248.8,1.37,0.9,16.315326086956517,18.293630434782607,4.070304347826086,3.308543478260869,0.6821739130434782,0.0341086956521739,most likely smurf
7c888435-2563-58ab-84c3-7a52f8c016a3,shen,3191,41.3,55.2,3.5,151.1,1.12,41.3,62.5,71.6,12.0,231.2,1.41,0.8,16.25,18.25,4.6875,2.6875,0.5625,0.0625,most likely smurf
fa490635-9f32-5497-a550-59320262e3b2,TREMBORAGE,6553,22.0,71.9,6.1,117.6,0.82,21.7,48.8,64.8,-18.0,175.7,1.1,0.6,14.988571428571428,12.246476190476187,4.182857142857142,1.3013333333333332,0.9527619047619048,0.0,normal player
65bb6396-0bc5-5936-b95d-67542a67348e,marblewoman,1inNA,27.8,67.2,5.0,163.3,1.1,27.4,47.9,70.8,14.0,245.4,1.32,0.9,16.567152173913044,18.149934782608696,3.727869565217391,3.4050652173913045,0.6976739130434783,0.0520652173913043,most likely smurf
de98603b-6c02-579d-a3a6-36363037d335,droy,5555,25.3,68.3,6.4,141.6,0.96,23.2,50.4,71.4,-0.0,213.9,1.29,0.7,15.90206896551724,15.25903448275862,5.318068965517241,1.7726896551724136,0.6604137931034482,0.0173793103448275,normal player
5c37eaf9-ed76-5f49-965f-985f665dabc7,001,major,47.2,48.6,4.2,240.6,1.88,50.3,57.9,78.1,88.0,368.8,2.08,1.3,13.931090909090909,26.12518181818181,2.824818181818181,4.491636363636363,0.9123636363636364,0.2105454545454545,most likely smurf
36e3e0a7-6070-54fa-8877-d0901b863472,snoopy,997,20.5,74.0,5.5,141.6,1.06,22.2,51.5,73.8,5.0,215.9,1.48,0.8,14.696159420289854,15.59927536231884,6.120289855072463,1.4927536231884058,0.7613043478260869,0.022391304347826,normal player
8a79d1eb-2fce-5ab0-8e09-08f6dd4a003d,lex,nav,24.7,70.5,4.9,131.4,0.91,24.0,49.7,68.0,-9.0,195.1,1.13,0.7,14.847875000000002,13.481125,3.2650138888888893,2.126055555555556,0.7662083333333334,0.0138055555555555,normal player
a2e68f42-7b38-5a13-852f-c93260a4e12a,ALTR1UM,Vlad,29.5,66.6,3.9,144.3,1.17,28.4,52.9,73.0,18.0,217.2,1.47,0.8,14.26907894736842,16.63565789473684,4.37121052631579,2.2134473684210527,0.7517368421052631,0.0139210526315789,suspicious
4dee9946-b6f4-551e-94a1-5edc04451b75,hadoken,filo,17.8,69.0,13.2,145.7,0.94,19.9,49.0,68.8,-4.0,222.0,1.24,0.8,16.61258064516129,15.632580645161289,4.943467741935484,3.0585483870967742,0.7033870967741935,0.0237096774193548,normal player
5e9c40f2-ce1d-5b92-9a0a-77025ec469a7,FrostXftw,5830,30.8,66.2,3.1,128.3,0.96,30.1,47.2,69.7,-5.0,192.2,1.25,0.7,15.29504761904762,14.721904761904764,4.472761904761906,1.977904761904762,0.8203809523809524,0.0112380952380952,normal player
479d5aba-2ea6-5720-bbde-d838b2d9d8d7,iluvroblox9184,ABB06,39.3,57.3,3.5,172.8,1.28,34.9,53.8,73.0,32.0,260.5,1.55,0.9,14.83342857142857,18.916464285714284,4.083035714285714,3.16075,0.8069999999999999,0.0480357142857142,most likely smurf
f3b680f6-b496-5af2-9054-dba2a71de956,MellowYellow,MELON,20.8,71.4,7.8,129.9,0.84,21.9,45.4,69.7,-16.0,196.7,1.23,0.7,17.15966101694915,14.366406779661016,6.663796610169491,1.7852203389830508,0.7079322033898305,0.0076949152542372,normal player
8c5091b6-e563-57e2-80db-fb55aa834d43,WHO YOU CHALLIN,hello,36.1,57.1,6.8,147.6,1.0,38.1,37.1,67.5,1.0,222.4,1.21,0.8,16.470151515151514,16.48139393939394,3.473909090909091,2.934272727272728,0.7644848484848485,0.0449696969696969,normal player
54cb263b-5fb4-5d83-a0b8-ea2ef64effd8,catito,kat,25.0,69.5,5.5,140.8,0.92,23.9,52.0,68.9,-7.0,212.1,1.23,0.7,16.5,15.18,5.08,2.66,0.74,0.0,normal player
82519b93-3277-5c0b-a0c9-63bbb8fd0d96,ellebear,9792,32.7,63.8,3.5,167.1,1.27,35.6,77.8,73.2,28.0,252.9,1.6,0.9,14.781999999999998,18.783142857142856,4.816190476190476,3.112,1.1484761904761904,0.037047619047619,most likely smurf
56c3a19b-8778-5fb2-a246-e19118cc0203,FriedSoup,Sabaw,13.7,78.3,8.0,136.2,0.91,16.5,46.9,68.0,-10.0,207.4,1.24,0.7,16.264566037735847,14.831018867924527,5.274037735849056,2.2653584905660376,0.7167735849056603,0.0088490566037735,normal player
ea77fec5-2f72-55e9-9e65-4ba5591ffe5b,YAAN,5cm,35.9,59.2,4.8,149.8,0.99,35.0,47.8,66.2,1.0,227.8,1.26,0.8,15.94781818181818,15.817454545454543,4.345454545454545,3.1287272727272724,0.7821818181818181,0.0,normal player
25461fcd-6437-5149-83a2-532c4ee34406,tofu,mrow,24.2,73.2,2.7,146.6,0.88,24.8,46.2,68.2,-9.0,216.0,1.21,0.7,17.171000000000003,15.045800000000002,5.698,3.0338000000000003,0.5544,0.0,normal player
4d15b4c3-e5d5-5668-b1a8-48c827b07faf,hyunmin fan,0226,32.7,63.6,3.7,137.5,0.97,23.1,49.4,73.2,2.0,202.1,1.34,0.7,15.593734939759036,15.087831325301206,5.767301204819278,1.4343855421686749,0.8153975903614459,0.0238072289156626,normal player
718a9cf0-0006-51c9-b957-2b5322d3418f,Youtube Thosty,Thost,33.9,61.1,5.0,135.3,0.95,32.0,48.5,67.0,-5.0,210.1,1.24,0.7,16.2171875,15.39875,4.65296875,2.7129687500000004,0.5001562500000001,0.0,normal player
d22231f1-d950-510e-beda-700d87843ce0,Beware,SWING,26.7,70.3,3.0,154.5,1.05,27.3,47.1,69.6,7.0,230.8,1.33,0.8,15.785636363636362,16.499272727272725,4.481636363636364,2.098090909090909,0.6708181818181818,0.0285454545454545,suspicious
9e543649-e9ed-5982-9c0b-64622c7fff62,cleaR,9126,31.1,65.9,3.0,144.5,0.98,29.6,48.9,68.7,2.0,218.6,1.24,0.8,16.659340909090908,16.3815,4.212068181818181,2.6783863636363634,0.6668181818181818,0.0222272727272727,normal player
577a13f6-e28c-5976-b26b-c903f87aee65,Twitter Kash1Val,QUICK,32.7,62.3,5.0,172.2,1.28,33.1,58.9,73.8,38.0,253.2,1.53,0.9,14.760696969696973,18.848,3.783878787878788,2.7843636363636364,0.9638181818181818,0.0,most likely smurf
6cd7979c-ef08-517b-a0ef-7c0e6d3f527f,Worker17,6669,14.5,74.8,10.7,117.8,0.85,10.9,50.6,70.8,-16.0,178.5,1.27,0.6,14.403348837209304,12.25579069767442,6.060232558139536,1.265,0.8413720930232559,0.0058837209302325,normal player
c7efaa94-acf1-56a4-b49a-c59682f81087,Yogi,2642,13.1,76.9,10.0,135.8,0.93,16.2,51.2,70.8,-4.0,210.5,1.39,0.7,15.94569696969697,14.824727272727271,7.284363636363636,2.6569696969696968,0.7486060606060606,0.0038787878787878,normal player
488f4e40-ccd6-5752-b583-17f6bc492aec,zetter,welp,18.1,74.7,7.2,147.0,1.07,21.8,48.1,73.1,13.0,223.3,1.52,0.8,15.187939393939397,16.20338383838384,6.811737373737374,2.0551818181818184,0.655909090909091,0.0242929292929292,normal player
f8196194-fe35-5ebc-aa7c-6bca96ce88e2,Wallow,whale,34.5,60.4,5.2,143.8,1.09,33.8,49.9,72.2,5.0,217.2,1.45,0.8,14.7205,15.99783152173913,5.33170652173913,1.7302282608695652,0.688836956521739,0.0325434782608695,normal player
514f1cfb-c1a0-5fbb-b402-de57e01ebedb,eMACszn,611,20.0,75.2,4.7,110.2,0.8,18.9,49.4,67.2,-26.0,168.3,1.23,0.6,15.496,12.428,6.629999999999999,11.686999999999998,0.7409999999999999,0.0,normal player
cc42a60d-b352-58e1-ab2a-b9154ddc2393,Tile Clicker,heads,25.9,71.5,2.5,147.4,1.03,25.9,50.0,73.0,2.0,222.2,1.27,0.8,14.333333333333334,14.833333333333334,3.333333333333333,2.6666666666666665,0.8333333333333334,0.0,suspicious
9a963dda-1fd2-5645-82b6-2b18be1f0bbb,chaewonsleftsock,feet,19.3,73.7,7.0,142.3,0.93,19.6,34.8,65.5,3.0,209.0,1.3,0.7,15.094499999999998,14.006999999999998,5.654999999999999,1.8269999999999995,0.3914999999999999,0.0,normal player
c81a863d-dd3d-50a3-a315-fea0dfdb13f5,1990NISSAN240SX,noki,18.1,75.6,6.3,123.7,0.85,19.8,48.5,66.9,-18.0,188.4,1.23,0.6,15.09205882352941,12.823970588235293,5.67735294117647,2.0398529411764703,0.8273529411764705,0.0855882352941176,normal player
88600285-52a1-543b-bff6-2c816918e623,portent,meow,23.8,70.5,5.6,134.8,1.02,24.5,50.0,70.3,-3.0,208.8,1.38,0.7,15.666666666666666,16.0,5.666666666666667,1.7083333333333333,1.0,0.0416666666666666,normal player
9023bb7c-4634-5c3b-b133-cd1ec68bae4b,smyfe,MEEP,16.1,73.8,10.1,125.8,1.0,14.1,47.7,74.9,-2.0,200.6,1.63,0.7,14.22,14.274,8.919,1.827,0.8730000000000001,0.018,normal player
12a4cf4d-16ce-5f44-8052-a413010dc103,MoistRaccon,5711,18.6,72.4,9.0,159.1,1.01,15.3,49.0,69.4,4.0,247.4,1.34,0.8,17.178347107438018,17.295785123966944,5.669421487603306,3.284214876033058,0.6519834710743801,0.0688429752066115,normal player
df15a75c-de4a-516d-ac57-4345d0793ac0,WKDS saturday,3710,27.0,68.3,4.8,152.1,0.99,24.0,50.6,67.0,-1.0,231.4,1.29,0.8,16.727418604651163,16.609744186046512,5.048232558139535,3.6714418604651167,0.8354883720930234,0.0058837209302325,suspicious
6c03fde9-63c6-539f-8282-b263c925b6fb,loathing,rukit,18.5,75.7,5.8,164.6,1.41,27.1,52.1,69.8,39.0,255.9,1.66,0.9,11.568440860215054,16.3302688172043,2.9131182795698924,2.319290322580645,0.9271559139784944,0.1568602150537634,most likely smurf
6420993b-184b-5a19-b2f8-6d87218cb971,Eyevannn,SLIME,22.4,71.3,6.3,141.0,0.96,23.1,48.7,71.2,1.0,209.0,1.33,0.7,16.173526315789474,15.558368421052633,5.882447368421053,1.9736315789473688,0.6728289473684211,0.0128157894736842,normal player
53721435-2a62-565b-a3a9-439a3f10e9c7,Lil T Mayne,gasss,30.6,63.7,5.7,131.2,0.91,28.0,45.0,70.8,-11.0,199.6,1.27,0.7,15.860204081632654,14.450510204081631,5.748979591836735,1.956122448979592,0.753061224489796,0.0137755102040816,normal player
5c20b251-e834-524d-b8f5-2f5bb9ef4784,Snowz,SNZ,34.8,61.4,3.8,159.7,1.13,30.7,50.8,72.9,21.0,235.2,1.42,0.8,15.53761616161616,17.549090909090907,4.587393939393939,1.85240404040404,0.7029898989898989,0.0564444444444444,suspicious
7684d4af-9b15-5dc7-8240-9ca2ab83afa3,riatonii,TEc,12.3,83.8,3.8,117.2,0.81,12.3,66.7,77.4,-16.0,180.0,1.38,0.6,12.3395,10.005,7.003500000000001,0.667,0.3335,0.0,normal player
70df587b-f5cf-5609-845b-c054748a47c0,BBLAyeJay,6842,16.4,74.0,9.6,158.6,1.1,16.4,33.3,69.0,15.0,236.2,1.38,0.8,14.319,15.8175,3.996,1.6649999999999998,0.4994999999999999,0.0,normal player
a988a490-2aa5-56c3-b909-82de609703a3,Duck,32454,37.8,59.1,3.1,130.5,1.03,40.9,45.5,71.2,-4.0,198.6,1.3,0.7,15.029918032786885,15.544590163934425,4.012950819672131,1.7006557377049178,0.9249180327868852,0.0074590163934426,normal player
d96cfa8a-a687-54e2-a21b-0d7646097fde,pighost,42069,35.3,58.1,6.6,149.9,0.96,32.3,38.0,68.9,-2.0,225.7,1.21,0.8,17.317142857142855,16.654857142857143,4.234285714285714,2.746857142857143,0.5537142857142857,0.0325714285714285,suspicious
dc0ec41e-1a2f-502c-9294-1ffabe1094d1,εïз,206k,34.8,60.0,5.1,155.5,1.06,38.0,53.0,72.8,7.0,228.1,1.4,0.8,15.082285714285714,15.930285714285716,5.2545714285714284,1.6808571428571428,0.4694285714285714,0.0151428571428571,suspicious
303e3a71-7098-5e46-ab75-df61bf14366c,PackAttax,6ft4,35.7,60.2,4.1,143.6,1.07,35.0,49.2,72.4,7.0,220.3,1.41,0.8,15.193889763779527,16.294110236220472,5.1524409448818895,2.246929133858268,0.7554330708661418,0.0193700787401574,normal player
72fd611a-04e4-58f7-8674-812022d0d015,nier,heart,27.3,68.4,4.3,132.8,0.93,29.1,45.3,67.7,-9.0,201.0,1.15,0.7,15.97670149253731,14.935477611940296,3.394119402985074,2.366417910447761,0.7572537313432834,0.0202835820895522,normal player
2c7ccdc4-c199-5f46-a9eb-612182cea80b,GodCreed15,3645,21.8,73.2,5.0,130.8,0.88,20.3,44.7,68.8,-14.0,199.1,1.29,0.7,16.683617647058824,14.685264705882354,6.823323529411765,2.169264705882353,0.6573529411764706,0.0131470588235294,normal player
d73fbdfc-27bc-54b0-9d9c-f09b29dde26a,RYS savior,314,38.9,58.1,2.9,145.6,1.06,38.8,52.0,70.7,4.0,216.5,1.31,0.8,15.310608695652174,16.160695652173914,3.9248695652173913,2.0483478260869563,0.7777391304347826,0.0452173913043478,normal player
84e994ba-0a0e-5a7f-a7cd-215a6a23817d,NoobTheHeretic,ohh,31.1,62.9,6.0,146.1,1.04,28.7,54.8,75.2,3.0,219.0,1.42,0.8,15.315157894736842,15.940070175438596,5.826105263157895,1.5478596491228072,0.6537543859649123,0.0192280701754385,normal player
25ea7e08-5fc8-5bf8-9b46-24e93da5d332,Blade,1811,36.8,60.1,3.1,147.7,1.21,37.5,61.8,76.0,23.0,219.8,1.72,0.8,13.39,16.24457142857143,6.768571428571429,1.7362857142857142,1.0005714285714284,0.0,most likely smurf
d51107f5-a406-5919-8d89-ffd5c4b56d3f,ImmJayJ,NA1,29.4,66.9,3.6,155.0,1.06,31.4,58.8,68.5,17.0,238.2,1.32,0.8,16.140600000000003,17.1108,4.1160000000000005,3.9984,0.9408,0.0,suspicious
64e06b2d-3f17-5d7c-9c41-0fe56c44ad16,胖虎二代目,0901,39.1,56.5,4.3,92.6,0.77,39.1,100.0,61.1,-53.0,140.4,1.46,0.6,13.0,10.0,9.0,0.0,1.0,0.0,normal player
614c7c5f-5934-5cc0-9587-bc83a21d5351,XeP,101,17.7,74.6,7.7,160.4,1.19,15.8,53.8,72.2,19.0,251.9,1.47,0.9,14.859047619047615,17.677142857142854,4.1502857142857135,3.099904761904761,0.5379999999999999,0.0512380952380952,most likely smurf
24faf409-cd65-5806-b572-69e755083fa1,AvgTwinkBoy,ImGay,19.1,74.8,6.1,135.6,0.92,20.3,43.0,66.7,-4.0,204.1,1.21,0.7,15.442608695652176,14.133913043478262,4.571086956521739,2.2528260869565218,0.6917391304347826,0.018695652173913,normal player
f2e20f25-b022-56ec-a3fb-d60789c51f73,JerkableJeff11,oily,29.0,64.8,6.1,134.6,1.01,27.7,58.3,69.5,4.0,201.1,1.48,0.7,13.547809523809525,13.742142857142856,6.329714285714286,1.4713809523809525,0.7218095238095238,0.0,normal player
11056deb-362d-50aa-8c11-a718192d4964,Ryxalt,RYXIN,29.3,66.3,4.3,165.1,1.11,29.3,61.5,72.8,14.0,249.1,1.38,0.9,16.605,18.373125,4.6125,2.46,0.615,0.076875,most likely smurf
bde5956c-1f21-50ac-87a2-202564c58c5f,Realitymian,NA1,20.4,74.6,5.0,148.3,1.07,22.2,52.6,72.0,9.0,221.1,1.43,0.8,15.21455,16.31915,5.4178,2.2618,0.95995,0.0263,suspicious
e1fe459c-fe5c-54a4-bad8-f7de90353a98,Darkgravity,5658,25.7,67.1,7.2,135.6,0.97,24.9,47.4,69.9,-7.0,203.0,1.24,0.7,15.1917,14.77695,4.0527,1.60765,0.7820999999999999,0.0315999999999999,normal player
bf852be8-1aff-537c-8c22-31cb66cb2e8b,radioboy on ig,0,30.4,63.3,6.3,140.8,1.02,31.5,47.7,72.1,-1.0,211.8,1.33,0.8,15.479630136986302,15.812876712328768,4.815739726027398,1.4636712328767123,0.6926301369863014,0.0457397260273972,normal player
cfcffd69-f811-5e0a-9461-0734b9946810,ammzrz,RAWR,20.2,66.7,13.1,104.1,0.6,20.2,60.0,73.9,-32.0,143.8,0.99,0.5,14.0,8.4,5.4,2.0,1.2,0.0,normal player
45c8bc01-3707-5a85-9f19-69bb29c90a84,enthalpy,oasis,20.3,76.8,2.9,152.4,1.2,20.3,66.7,78.5,30.0,224.2,1.74,0.8,13.340000000000002,16.008000000000003,7.17025,2.0010000000000003,0.8337500000000001,0.0,suspicious
a22ea4f9-9f8a-5614-a495-f0d19764c657,Service Rig 02,2559,37.1,60.2,2.8,128.3,0.91,32.1,48.1,71.8,-12.0,192.0,1.34,0.7,15.59508888888889,14.264322222222225,6.600388888888889,1.2452555555555556,0.7215,0.0053444444444444,normal player
a099ca85-ba5d-5166-9fef-310389c6f665,Batatavada1,3665,25.0,70.7,4.4,157.6,1.22,26.0,63.3,74.2,30.0,240.5,1.66,0.8,13.792736842105262,16.824473684210524,6.063473684210526,2.9317894736842103,0.7662631578947368,0.0333157894736842,suspicious
18130689-f9ca-5c6e-805f-6e25affa655d,cici,0227,19.6,76.3,4.1,101.7,0.77,19.6,20.0,60.7,-19.0,152.0,1.03,0.5,14.1,10.9,3.6,0.9,0.7,0.0,normal player
5236332c-be9f-5bff-9b7c-98e3097f480c,tfwStarving,NA1,23.2,72.6,4.2,145.5,1.09,23.9,50.3,72.2,10.0,221.7,1.43,0.8,15.28982191780822,16.654123287671233,5.171253424657534,2.3117328767123286,0.8027328767123287,0.0378972602739726,suspicious
dc2e440a-e119-56ff-8e91-32c0b4ac0232,Wickolas,Puppy,17.2,76.7,6.1,138.2,0.89,17.2,40.0,66.4,-17.0,210.3,1.2,0.7,17.4,15.4,5.533333333333333,2.4,0.8666666666666667,0.0,normal player
3b3547b3-3f0b-5e60-aaec-23f47e8d3f56,kristine,831,33.2,63.7,3.1,143.0,1.12,31.7,48.4,73.0,16.0,211.8,1.45,0.8,14.535612903225804,16.299870967741935,4.808774193548387,1.67058064516129,0.7181935483870967,0.0,normal player
f9d76711-757e-502d-a41e-ff99f6951816,idefwyltcyhmn,frfr,29.6,64.6,5.8,147.1,1.13,31.2,48.9,71.8,5.0,227.2,1.37,0.8,15.614275862068965,17.604,3.8276896551724136,2.841258620689655,0.6618362068965516,0.0295086206896551,suspicious
d0724a6e-b70e-56f4-91de-826629dba530,TsundeDxD,Snrlx,11.7,76.6,11.7,137.3,1.01,10.3,44.7,70.7,5.0,210.3,1.38,0.7,14.447949152542373,14.53886440677966,5.3943050847457625,2.212271186440678,0.7727796610169492,0.0151525423728813,normal player
716beaad-8cf9-513f-9119-fcd4386e2173,dantes lulu,4090,23.2,71.6,5.2,128.2,0.92,27.3,52.6,68.2,-14.0,193.7,1.22,0.7,15.008533333333332,13.851333333333333,4.4184,1.6130666666666666,0.7363999999999999,0.0,normal player
75335b45-a66d-5d84-90a6-3fceb6a4334e,GotJon,9971,38.8,57.0,4.2,127.4,0.98,39.7,43.9,73.0,-6.0,191.7,1.32,0.7,14.560166666666664,14.243111111111109,4.9753333333333325,1.707222222222222,0.7804444444444443,0.0243888888888888,normal player
5e6d30e3-1098-5726-a6ae-12136bfe3af2,adapt,812,36.2,59.2,4.5,151.9,1.06,31.1,50.4,67.4,9.0,229.0,1.3,0.8,15.609176470588231,16.550470588235292,3.765176470588235,2.7868235294117643,0.7189411764705882,0.0444705882352941,suspicious
75cf7525-f900-51f3-b5d3-393dbcbebaaa,BOOST,hotti,27.0,68.9,4.1,170.7,1.2,24.4,49.3,72.5,26.0,251.4,1.49,0.9,15.397808219178083,18.43009589041096,4.538301369863014,2.539287671232877,0.7969041095890411,0.0540273972602739,most likely smurf
aa297577-47f9-5454-937c-e013a4aad3c3,ngbEarth,NA1,19.6,73.7,6.6,154.4,1.08,20.2,47.7,72.0,13.0,239.9,1.37,0.8,16.195285714285713,17.421857142857142,4.792714285714286,3.7478571428571423,0.8404285714285714,0.0454285714285714,suspicious
7b50274e-b90b-5a34-8f6b-32236aa2aa74,Twitch Dixly,LIVE,31.9,64.0,4.0,149.8,1.0,34.0,48.1,70.2,0.0,229.3,1.31,0.8,16.56746153846154,16.601615384615386,5.063307692307692,2.934384615384616,0.5976923076923076,0.0199230769230769,normal player
a6c0b5f4-6839-5ef6-a220-74c005f91ea2,pugdawg13,7358,23.2,73.5,3.3,134.2,0.96,26.2,52.5,71.2,-2.0,197.6,1.34,0.7,15.05,14.375,5.75,1.225,1.05,0.0,normal player
6a8eb6cb-dd06-5f0e-8698-bea6c71b315f,Kayleywashere,Jaesu,33.0,63.5,3.5,165.5,1.3,26.7,57.5,73.2,28.0,254.7,1.61,0.9,14.28653846153846,18.594615384615384,4.352307692307693,2.547692307692308,0.8226923076923077,0.0707692307692307,most likely smurf
34b42c47-8de3-5936-b24e-260f415ca69e,Flerk11,1061,26.8,69.0,4.2,140.1,0.92,26.1,45.5,69.8,-8.0,211.0,1.13,0.7,16.35725,15.08325,3.48075,3.0485,0.75075,0.02275,normal player
21ef8d09-1d3c-5383-8bb3-1b8a424d0e7c,Job application,adult,26.6,69.2,4.2,136.4,1.06,26.5,57.1,75.8,11.0,199.9,1.49,0.7,12.514416666666667,13.27575,5.376916666666667,0.7613333333333334,0.9040833333333332,0.0,normal player
2afa51af-7c8e-5d64-990d-120c3243d771,DrJYeung,피어나,32.4,62.9,3.7,148.0,1.08,33.4,41.9,70.2,11.0,222.9,1.35,0.8,15.288128205128206,16.545128205128204,4.071820512820513,1.966076923076923,0.7627948717948718,0.0322307692307692,normal player
9e1c92b5-f707-5aef-b02f-50f465ec1796,Hakuna,cheb,14.7,76.3,9.1,162.0,1.17,15.9,46.2,73.5,16.0,256.3,1.52,0.9,15.708000000000002,18.326000000000004,5.5055000000000005,3.3880000000000003,0.71225,0.09625,most likely smurf
708dd972-b841-5cd6-aad2-b996bb6e0cae,CoroCoroMew,Shiny,12.1,78.9,9.0,121.8,0.89,18.2,43.2,69.9,-11.0,188.0,1.23,0.7,14.778947368421052,13.221473684210526,4.968,1.5006315789473683,0.8185263157894737,0.0113684210526315,normal player
d5ffd2ea-f23b-55d0-a2a0-07961d0c0ccd,AussidileFan,5335,24.2,71.8,3.9,135.8,0.85,24.8,37.1,67.2,-13.0,200.6,1.17,0.7,16.238384615384614,13.727,5.251076923076923,1.797923076923077,0.6563846153846153,0.0,normal player
ee771367-971e-5efd-b78f-09c6c098f4fd,Twice,5552,33.5,64.0,2.6,136.6,1.01,33.5,61.1,70.5,12.0,192.0,1.2,0.7,14.330727272727271,14.497363636363636,2.7217272727272728,1.222,0.722090909090909,0.0555454545454545,most likely smurf
53f11f46-5d68-53c7-a2de-d696f6acdd49,DraculaFlow2,6969,16.9,73.4,9.6,137.5,0.92,15.9,42.3,69.3,-2.0,207.8,1.3,0.7,15.3972,14.1846,5.8515,2.0586,0.5922,0.0141,normal player
4ce1816d-19bc-54b4-9728-14c95cf87154,Nitsworthy,3466,31.0,64.4,4.6,151.6,1.16,30.9,51.6,73.8,26.0,222.9,1.57,0.8,13.899063829787234,16.13872340425532,5.730893617021277,1.5589787234042554,0.6806808510638298,0.0439148936170212,suspicious
9124b1c0-99c9-5eb5-bcc3-9ffef051333e,JackalHeart,JACKL,25.0,68.4,6.6,167.1,1.08,27.3,54.1,71.4,19.0,252.6,1.41,0.8,15.96769696969697,17.29560606060606,5.1804848484848485,4.04930303030303,0.7705151515151516,0.0327878787878787,most likely smurf
e4ce8d01-4bc8-5782-bdc8-cb6e64e98554,CxxchieScout,4891,19.6,73.4,7.0,134.6,0.99,19.7,54.5,72.5,-6.0,202.1,1.35,0.7,14.786475409836068,14.643524590163937,5.244508196721312,1.9209016393442624,0.7951639344262296,0.0089344262295081,normal player
2dbe8017-6f1c-5a62-9be8-223c0b33f318,DrippieBluee,8129,15.5,76.5,8.0,171.5,1.23,15.4,58.9,73.6,39.0,252.8,1.6,0.8,13.820953488372092,17.026209302325583,5.054441860465117,2.821720930232558,0.8629534883720931,0.0273953488372093,suspicious
336f21d7-0952-59cc-8d2f-4f931c782e49,Mokktokk,9812,12.1,76.2,11.8,123.9,0.88,8.3,48.6,73.7,-18.0,188.8,1.27,0.6,14.900943396226417,13.048641509433963,5.932867924528302,0.8252830188679245,0.6235471698113207,0.0091698113207547,normal player
c2b610fd-e49e-5c2b-9d79-c920c25b9ef3,YuryTheUrinator,1834,20.9,71.0,8.1,143.8,1.14,21.7,56.9,72.2,16.0,222.4,1.63,0.8,14.317270270270267,16.347216216216214,7.043297297297296,2.1068378378378374,0.9227027027027026,0.0153783783783783,suspicious
5be5dff5-b683-5945-a24e-c600f4625a13,koesifer,vibes,28.0,69.0,3.0,151.8,1.1,29.5,44.4,71.8,8.0,227.1,1.43,0.8,14.93742857142857,16.428,4.995,2.013857142857143,0.5391428571428571,0.0317142857142857,suspicious
a6e20b27-a320-5932-8718-4c2a94c228f7,donkdonktime,donk,22.0,74.0,4.0,154.1,1.14,20.3,47.5,75.5,18.0,233.5,1.62,0.8,15.45,17.55,7.491666666666666,1.175,0.725,0.025,suspicious
a39dbfd9-16b6-5eb4-b7e1-aae732402daf,Good Sumerian,geekd,31.7,64.9,3.4,146.6,1.06,26.4,49.3,70.1,11.0,223.3,1.36,0.8,15.395685714285712,16.30421428571428,4.613071428571428,2.6129,0.8521857142857141,0.0492999999999999,suspicious
0f65bb35-48d0-5083-b7f3-1b1e9fff2004,Unknown8,0001,14.4,79.4,6.2,151.9,1.04,14.0,57.1,72.2,6.0,233.6,1.36,0.8,16.13075,16.796916666666668,5.0914166666666665,2.379166666666667,0.5710000000000001,0.0,suspicious
43e2860f-48c2-5ad5-acad-b1d5a0d5964f,rose toy,clity,24.2,70.3,5.4,162.0,1.11,29.0,52.8,70.4,15.0,242.7,1.4,0.8,15.915428571428569,17.669142857142855,4.682857142857142,2.652571428571428,0.817142857142857,0.0691428571428571,suspicious
c24eb2ce-ccb4-5602-9873-047b0d3b4696,asian,42069,25.7,66.6,7.7,166.4,1.28,25.7,66.7,72.9,15.0,259.1,1.52,0.9,16.230333333333334,20.788166666666665,3.8908333333333336,3.4461666666666666,1.334,0.1111666666666666,most likely smurf
cca5b06e-d356-55b1-9915-b1c078495062,Krillin,TTG,30.6,65.1,4.4,142.8,1.0,32.1,49.0,70.1,1.0,215.7,1.3,0.7,15.69921568627451,15.625555555555556,4.858366013071896,2.4243790849673204,0.7077777777777777,0.0288235294117647,normal player
5445cb99-01ae-5b40-89f9-7e0922a33bd2,关你peace,1314,24.7,70.0,5.3,154.0,1.1,26.5,45.8,71.7,8.0,232.7,1.44,0.8,15.562556701030928,17.092371134020617,5.297690721649484,2.044474226804124,0.7554639175257731,0.0283298969072164,suspicious
7fd847b7-6e24-5e18-ae8b-1d083c6c5d06,kiruma 0,777,43.5,53.4,3.2,131.1,0.92,44.4,48.4,69.1,-16.0,200.9,1.27,0.7,15.897538461538463,14.62548717948718,5.522564102564103,1.898769230769231,0.6391282051282052,0.0124102564102564,normal player
86df9ac3-7c6b-51cd-83cc-398a0c14b644,stephen,bui,15.6,76.1,8.3,128.4,0.97,14.4,58.5,72.8,-5.0,194.9,1.35,0.7,14.654620253164556,14.254746835443038,5.598227848101265,1.110759493670886,0.7849367088607595,0.0148101265822784,normal player
990da477-9ccd-507e-86b1-f0dc3c245c39,Exp 션,Faker,27.6,67.4,4.9,166.2,1.2,26.2,54.8,72.0,24.0,253.6,1.53,0.9,15.55316030534351,18.715664122137404,5.028213740458015,2.597770992366412,0.7404274809160305,0.037648854961832,most likely smurf
2059ebed-7451-579d-bada-1f588b368a7a,Jaguarkisser9,4927,22.5,70.1,7.4,152.9,1.09,23.4,54.8,70.8,12.0,231.9,1.33,0.8,15.22293023255814,16.586558139534887,3.7276744186046513,2.829209302325581,0.7646511627906978,0.031860465116279,suspicious
fe0765f0-cdae-5c94-9292-14b5b5ceb125,RahulKP7,RKP7,28.0,67.0,4.9,155.3,1.14,28.3,49.4,70.5,12.0,233.6,1.43,0.8,14.875714285714285,16.981714285714283,4.256571428571427,2.5331428571428565,0.8357142857142855,0.0148571428571428,suspicious
845e6c21-a844-5741-acff-23f1977e1962,Aiyu,jelly,20.7,75.2,4.1,101.9,0.78,20.7,50.0,63.4,-28.0,160.1,1.27,0.5,14.0,10.875,6.875,0.625,0.625,0.0,normal player
5d3195e5-5e99-5b86-81ff-b52c0b6e18cb,iluv人ss,real,23.2,72.5,4.2,169.9,1.22,21.6,61.0,72.1,28.0,258.9,1.49,0.9,15.0792,18.422,4.0992,3.1232,1.1468,0.0732,most likely smurf
01277406-a6cc-5075-a634-301ef4471c66,Pilgore306,6736,9.2,75.1,15.7,105.0,0.82,8.9,49.5,69.6,-26.0,163.9,1.39,0.5,14.146,11.66,8.019,0.88,0.6930000000000001,0.0,normal player
2a728830-cc89-5b67-96b0-760fba149316,FNC Shinsu,Golf4,26.0,67.2,6.8,148.1,1.06,26.2,50.7,70.0,6.0,227.6,1.36,0.8,15.986254237288136,16.89713559322034,4.809338983050847,2.1024745762711863,0.6015254237288136,0.0286440677966101,suspicious
b97f2785-e6e7-5476-86f2-408293974493,猪猪侠,topG,20.5,73.9,5.5,141.9,0.98,20.5,38.9,71.8,-2.0,218.5,1.38,0.7,16.337999999999997,16.060142857142857,6.446285714285714,1.5559999999999998,0.5557142857142857,0.0,normal player
dc5d309a-94d5-55cb-887d-76cfbae3d603,Benobi1Kenobi1,7291,17.2,75.7,7.2,125.2,1.0,17.2,40.0,72.4,4.0,188.9,1.47,0.7,13.6,13.666666666666666,6.266666666666667,0.7333333333333333,0.4666666666666667,0.0,normal player
9bdbeb97-667a-590d-a409-87d81e9df43a,tuhx loves bread,2259,16.9,76.9,6.2,133.8,0.83,16.9,50.0,68.1,-18.0,200.1,1.13,0.7,16.7,13.8,5.05,1.85,0.6,0.0,normal player
328f27aa-cd0a-563b-81f7-4294aabff7b5,Seraphimnoob,NA1,29.2,66.3,4.5,172.0,1.21,29.5,53.9,72.5,28.0,259.9,1.49,0.9,15.435,18.6102,4.4198,3.2634,0.8525999999999999,0.0489999999999999,most likely smurf
2c36b91b-fb71-5a2d-8f7e-22054b663405,am4nhasnoname,5463,18.8,75.0,6.1,118.1,0.88,17.8,50.0,72.2,-10.0,176.7,1.37,0.6,14.026666666666667,12.356666666666667,6.876666666666667,0.9566666666666668,0.8266666666666667,0.0066666666666666,normal player
da214ffb-dab9-5b7d-a9a4-f53a0a0ed997,diglet,322,84.9,14.0,1.1,136.5,1.23,82.1,49.4,71.9,13.0,205.3,1.41,0.8,13.560022471910113,16.623932584269664,2.492202247191011,0.8658876404494382,0.7659775280898876,0.027752808988764,normal player
6d3dc20a-d724-545a-a8e7-cd0815a4a938,L1L kuyA,NA13,26.8,67.1,6.1,141.0,1.09,27.3,32.0,69.7,14.0,212.0,1.39,0.8,14.68,15.96,4.48,1.56,0.4,0.04,normal player
304b87cb-86e3-566f-bd47-19679411dcf4,DaP,8678,26.2,67.5,6.3,154.7,1.18,25.5,49.2,71.9,21.0,234.3,1.52,0.8,14.744129032258066,17.426322580645163,4.920000000000001,1.634709677419355,0.8252903225806453,0.0476129032258064,suspicious
5e2956e5-61e6-5362-a859-d03c0bbf84a7,Yskaelaa,fuji,24.6,69.7,5.8,157.9,1.1,26.8,60.7,73.3,16.0,236.7,1.42,0.8,14.996470588235294,16.496117647058824,4.820294117647059,2.4637058823529414,1.0711764705882354,0.0714117647058823,suspicious
6243ea1e-55ba-506f-9611-b5beb69fc888,trader joes,930,24.6,69.8,5.7,123.0,0.97,24.7,52.1,70.5,-11.0,186.5,1.26,0.7,14.588,14.109243243243244,4.252486486486487,1.5770810810810811,0.8167027027027027,0.0,suspicious
306364db-34bb-58af-817c-481eb6593bb5,Boombastix,7803,22.6,71.8,5.6,127.8,0.98,20.3,49.2,73.7,-7.0,195.1,1.53,0.7,14.4484,14.120400000000002,7.954000000000001,1.0988000000000002,0.7216,0.0328,normal player
5dc86b2e-34f4-5189-baf9-7ff4b78aa337,ImNotHim,914,15.7,79.7,4.6,123.3,0.88,18.8,41.5,69.5,-8.0,187.2,1.27,0.6,15.24514705882353,13.414264705882356,5.993088235294118,1.6966176470588237,0.6347058823529412,0.0244117647058823,normal player
d9b17a12-4213-5de6-9e23-c2e76fadcee6,Cryogen,fly,34.7,62.1,3.2,147.0,1.04,29.9,60.0,69.1,12.0,214.8,1.29,0.8,15.35,15.95,3.775,2.15,0.825,0.025,suspicious
f680805b-1347-534b-90f2-321552bd1fa7,ItzGroovy,0001,11.1,81.1,7.8,117.6,0.94,11.1,10.0,64.5,-8.0,179.4,1.39,0.6,14.7,13.8,6.6,0.7,1.1,0.1,normal player
73d17396-9930-5c9f-b5ea-5a8c519e0101,DMTR Sciborg72,1234,26.4,67.0,6.6,127.0,0.89,21.6,47.7,71.7,-15.0,195.3,1.31,0.7,16.08705882352941,14.384823529411763,6.687352941176471,1.543235294117647,0.7856470588235295,0.0187058823529411,normal player
fb25f607-734d-5bdb-8b6a-24389fa3d385,dishwasher,slur,13.5,76.1,10.4,123.9,0.85,12.6,58.5,68.1,-10.0,183.5,1.28,0.6,15.25875,12.943125000000002,6.556875000000001,1.876875,0.8775000000000001,0.04875,normal player
f222f51f-360b-5e8c-b8e7-c84882d8c6ff,ShenyGueny,ImHim,21.9,71.5,6.7,138.6,1.02,22.7,37.1,73.4,7.0,207.1,1.42,0.7,14.84,15.211,5.8218461538461534,1.8264615384615384,0.799076923076923,0.0,normal player
40301d5e-2ba2-595d-8cbb-21a1e571fdea,Crypto,0069,30.4,65.2,4.4,153.8,1.16,35.5,52.5,69.3,9.0,235.2,1.36,0.8,14.925,17.375,2.875,2.4,0.85,0.025,suspicious
23e82000-8daf-5b62-9f0a-a28261907308,yom,bom,27.2,68.0,4.7,179.99,1.46,27.2,41.7,73.8,46.0,274.3,1.73,1.0,13.6776,20.016,3.5862,2.8356,0.6672,0.0834,most likely smurf
82580689-cc01-5c96-a931-099625093719,Berry,3333,24.0,72.0,4.0,154.2,1.19,22.6,44.4,74.6,24.0,234.2,1.66,0.8,14.541,17.331857142857142,6.739285714285715,1.9028571428571428,0.7928571428571428,0.0475714285714285,suspicious
64d4e910-23ab-5e50-a8da-224fe1d90f96,DarthNemesis25,0,25.2,69.8,5.0,157.8,1.12,24.0,50.0,71.0,16.0,243.6,1.4,0.8,14.932203389830509,16.677966101694917,4.245762711864407,2.73728813559322,0.7627118644067796,0.0508474576271186,suspicious
6a11d0e6-d462-5fda-a1e5-aa305473a683,yumechii,9846,22.9,72.6,4.5,158.6,1.14,22.4,50.0,74.1,18.0,242.4,1.48,0.8,15.31081081081081,17.385135135135137,5.222972972972973,1.9527027027027024,0.6148648648648649,0.0337837837837837,suspicious
8c087fcb-54e1-52ba-b02a-7a58c0ad1018,Ripple,0089,34.4,58.3,7.3,142.7,1.02,32.0,48.6,70.0,-1.0,217.2,1.3,0.8,15.309,15.66,4.266,2.43,0.648,0.027,normal player
3d3701f5-c4e3-56fb-87cd-eab65846b621,huh jar,wisp,27.9,68.4,3.7,147.5,1.0,27.2,47.8,72.2,1.0,226.0,1.36,0.8,16.295454545454543,16.252,5.844636363636363,2.607272727272727,0.7387272727272726,0.0217272727272727,normal player
d18a6eb6-e29f-510f-8b5e-ef50bef0c1d6,boxhot,710,21.0,73.4,5.6,142.4,1.01,22.4,42.4,67.5,-11.0,217.4,1.33,0.8,16.959999999999997,17.11142857142857,5.421142857142856,2.12,0.6965714285714284,0.0,normal player
70a9a350-001a-54dd-8c12-f4c2ff13729b,Tootsie,uwu,33.6,64.0,2.4,125.6,0.82,32.7,45.1,64.5,-25.0,189.6,1.03,0.7,16.412478260869566,13.43195652173913,3.4119130434782607,1.9412608695652176,0.6470869565217391,0.0392173913043478,normal player
0917a767-0e42-57c8-9496-738b0ad41ac5,고양이,ttv,26.5,68.5,5.0,116.5,0.88,26.8,45.4,69.3,-13.0,173.4,1.26,0.6,14.13075,12.3715,5.386090909090909,1.0576136363636364,0.7687045454545455,0.0103181818181818,normal player
f8132fd0-25a8-559d-9cfe-c990f613ba1a,catpersonX3,meow,19.1,80.9,0.0,206.7,1.12,19.1,33.3,76.1,43.0,333.8,1.38,1.0,13.986,15.650999999999998,3.663,4.994999999999999,0.6659999999999999,0.0,most likely smurf
9dcb6962-9d62-5813-a3e4-fde9c3016378,Eric Cartman,G59,10.7,78.2,11.1,164.1,1.28,10.7,50.0,78.5,18.0,256.3,1.6,0.9,14.25,18.25,4.5,1.0,0.25,0.0,suspicious
5962fe20-10fe-5a25-a414-69b72ae90229,jdubMAD1,3603,15.1,76.9,7.9,118.3,0.83,13.7,52.1,68.4,-13.0,173.7,1.09,0.6,14.71304,12.191400000000002,3.8345600000000006,1.2087200000000002,0.6043600000000001,0.02084,normal player
ecd7d369-19b6-5fb4-97fe-3ffe395934d8,Bánh Mỳ,H2O,35.5,59.1,5.4,143.4,0.98,33.3,47.0,70.7,7.0,211.5,1.28,0.7,15.464516129032258,15.130967741935484,4.639354838709678,2.1074193548387097,0.985483870967742,0.0,normal player
c3b16d22-6053-5ea0-a543-0c41adcd900d,criminal,boy,12.6,78.6,8.8,132.5,0.84,14.5,43.9,67.3,-19.0,207.3,1.15,0.7,17.52972413793103,147.97327586206893,5.313413793103448,2.6491379310344825,0.6357931034482758,0.0,normal player
c8b9cc21-fcf8-50c2-afd1-41fb90be6d38,veiny dih,DRNFY,31.3,64.3,4.3,156.2,1.09,30.5,53.3,71.2,9.0,241.0,1.36,0.8,15.6538,17.1134,4.1492,2.665,0.8774,0.0328,suspicious
8fbed017-38cf-5df6-88a9-a3c9bddcee64,Gwim,idwin,35.4,59.8,4.8,151.0,1.17,31.3,49.8,70.7,10.0,230.5,1.49,0.8,14.935743589743588,17.400205128205126,4.865076923076923,2.1409743589743586,0.7959487179487178,0.0255384615384615,suspicious
bad8df1f-8feb-553f-8e85-cfa74a005b43,Azure,SKYY,12.1,75.8,12.1,121.0,0.82,12.7,35.2,69.1,-12.0,179.4,1.22,0.6,14.487578947368425,11.930947368421055,5.687578947368422,1.2227368421052631,0.648421052631579,0.0,normal player
3a959a41-afb9-5a62-94e7-1b42d76e0625,kairo,444,28.5,66.8,4.7,136.5,0.96,25.3,48.9,68.8,-6.0,209.3,1.26,0.7,15.85654411764706,15.212933823529411,4.796514705882354,2.5456764705882358,0.9204705882352942,0.032360294117647,normal player
e51b07d1-95bd-5a72-86be-87c2dac0f8b1,WW Jai,8713,7.7,79.4,12.9,95.4,0.53,7.4,42.9,62.2,-69.0,140.7,0.74,0.5,18.637666666666664,9.867,4.004,0.6673333333333333,0.572,0.0,normal player
0f9237d4-c913-5fe2-8465-1115b8c81b76,Ibuprofriend,GOML,12.3,77.9,9.8,118.4,0.84,11.6,48.3,68.3,-26.0,187.7,1.21,0.6,16.02373684210526,13.532473684210526,5.796,1.7625263157894735,0.6694210526315789,0.0169473684210526,normal player
5d8cce98-bbd2-50f5-af38-e5ec5cd26da7,kreeyuh77,80085,29.8,66.9,3.3,89.5,0.77,29.8,75.0,67.0,-33.0,137.8,1.08,0.5,15.0,11.5,4.75,2.25,0.75,0.0,normal player
a85ff215-9034-5edc-877f-122c8f354b61,Just for fun,LOL2,31.6,67.5,0.8,123.4,0.8,31.6,57.1,64.0,-19.0,184.7,0.99,0.6,16.70175,13.4185,3.1405,2.71225,0.4282499999999999,0.0,normal player
76364de6-f694-53b3-91b9-3ad450475a67,I miss her,WGQG,21.7,72.9,5.3,145.3,0.99,21.3,50.0,69.2,-3.0,220.9,1.26,0.8,15.8125,15.625,4.34375,2.8125,0.34375,0.0,normal player
948b9870-24da-5aee-835b-6cac67af50da,MonkeyThugger,pmo,35.0,62.1,2.9,134.0,0.96,33.6,52.2,69.9,-10.0,204.4,1.24,0.7,15.971750000000002,15.362750000000002,4.3645000000000005,1.8777500000000005,0.6815000000000001,0.0435,normal player
5d1a8185-5311-5dba-bb61-9a999510072a,SócNhỏ,VIETZ,24.9,70.5,4.6,149.4,1.11,25.4,50.0,73.6,13.0,225.3,1.55,0.8,15.166666666666666,16.86111111111111,6.722222222222222,1.8333333333333333,0.6944444444444444,0.0,normal player
e7a26237-7ec3-5780-8676-f9f01fafc0c4,Stin,6889,23.0,72.0,5.0,180.3,1.29,23.0,28.6,73.0,36.0,271.7,1.58,1.0,16.5165,21.2355,4.790500000000001,3.289,1.0725,0.143,most likely smurf
0b24977a-2e0d-599e-8192-8a9b29ade0e1,lucki,119,29.6,66.7,3.6,149.9,1.06,30.4,50.0,73.7,9.0,222.1,1.44,0.8,15.45,16.45,5.85,1.275,0.8,0.0,normal player
2fef755f-0f16-53ef-9d3e-64842d92e880,heck,angel,27.8,68.4,3.8,149.6,1.05,28.2,53.1,69.6,0.0,228.5,1.32,0.8,15.93,16.791913043478264,4.255695652173913,2.8935652173913047,0.7310869565217393,0.0384782608695652,suspicious
558ef7fa-96f7-519e-b15a-67d016decafa,WaterToucher,NA1,24.8,71.3,4.0,137.1,0.97,28.1,52.4,67.3,-2.0,208.0,1.25,0.7,15.57709090909091,15.11660606060606,4.430181818181818,2.747030303030303,0.6669090909090909,0.0158787878787878,normal player
d2ac2470-7613-5ab7-be03-68b492736479,HERR,LOVE,24.4,71.1,4.5,158.3,1.11,22.2,50.6,72.3,19.0,237.9,1.43,0.8,15.413865546218489,17.123210084033616,4.940941176470589,2.9084369747899164,0.8376638655462186,0.0212605042016806,suspicious
82e8a64b-bd82-5f25-9049-d1c51fd41077,vandy,goat,12.0,80.0,7.9,147.7,0.99,14.8,48.4,72.3,4.0,222.6,1.38,0.8,15.121729729729733,15.036702702702703,5.781837837837838,1.6547567567567567,0.8306486486486486,0.0261621621621621,normal player
325240ba-2c94-5e47-b06f-019232d2cc0d,Orphan Monkey,8702,29.0,66.5,4.5,166.9,1.16,28.0,40.0,67.7,16.0,262.0,1.37,0.9,16.55,19.183333333333337,3.55,3.4,0.65,0.15,most likely smurf
18f5b2c8-c6a0-507f-a6e0-3cebb2c3c436,DarkLava88,3770,23.5,71.6,4.9,158.4,1.09,23.3,41.0,70.6,18.0,235.1,1.35,0.8,15.785,17.143125,4.2025,2.87,0.9225,0.025625,suspicious
7a998de1-e974-52ca-a89e-05c45463056a,JesusSaves,GTGOD,21.8,70.9,7.3,140.8,0.96,22.1,51.6,70.2,1.0,207.4,1.28,0.7,15.562194690265487,14.973132743362832,4.931681415929203,1.990938053097345,0.7671504424778761,0.0182654867256637,normal player
f568c376-401d-508b-9aaf-508abd07452a,po and oogway,lol,34.5,62.6,2.9,172.0,1.23,39.1,55.4,70.2,10.0,259.4,1.44,0.9,15.583483870967742,19.104064516129032,3.324,3.3776129032258067,0.9829032258064516,0.0,most likely smurf
1e3055c4-4df1-5e98-b5bd-9512b21ef727,Bread Pitt,CHAE,33.2,62.1,4.7,155.6,1.14,31.7,62.9,72.5,21.0,229.3,1.53,0.8,14.941327868852458,17.044868852459015,5.846606557377049,1.4951639344262293,0.7011803278688524,0.0618688524590163,most likely smurf
d0aec28f-d9e1-5e86-9490-d1bba019bb44,DuckLego,3204,16.6,75.4,8.0,153.2,0.97,16.6,50.0,65.5,7.0,222.3,1.38,0.7,15.1,14.6,6.3,1.8,0.6,0.1,normal player
5fb9b76c-13a2-5424-b322-1cab5c32fb4c,oob,3j2,29.5,65.9,4.6,149.7,0.99,29.6,51.1,70.8,-3.0,223.6,1.29,0.8,16.7097,16.5053,5.1173,2.2046,0.6716,0.0219,suspicious
b4f48d25-7c74-5f5b-88a5-b3cf919898ed,IIIIIIIIllllllll,CODE,23.2,71.6,5.2,121.8,0.9,22.5,45.8,69.2,-16.0,182.4,1.2,0.6,15.322181818181818,13.781636363636364,4.58,1.748727272727273,0.7078181818181818,0.0,normal player
6ccf159b-0d45-51c5-94ef-e43b0f1706e5,Fresh MrTimBit,4262,26.8,67.0,6.3,127.2,0.94,24.6,50.5,69.4,-14.0,193.1,1.35,0.7,15.7762,14.7662,6.6054,1.3231,0.8483999999999999,0.0202,normal player
a42da5c0-a628-578d-92a6-b9f5c8864182,MarkWestForever,NA1,16.9,78.5,4.6,148.1,0.99,20.2,51.5,68.6,1.0,220.5,1.3,0.7,15.874117647058824,15.712549019607843,4.847058823529411,1.7166666666666666,0.6462745098039215,0.0302941176470588,normal player
2b58b8c4-b478-5eda-934d-f8056691e3e3,Raidism,6438,29.0,64.6,6.4,121.3,0.72,28.7,47.8,66.4,-34.0,178.9,1.05,0.6,16.469272727272724,11.81963636363636,5.475272727272727,1.4339999999999995,0.5649090909090908,0.0,normal player
6d15746d-f147-5d12-a000-bbb80fd73ec9,LionBoss300,2376,28.4,66.3,5.4,143.3,1.08,28.4,52.9,70.9,12.0,218.0,1.45,0.7,15.282222222222222,16.45777777777778,5.760222222222222,1.998444444444444,0.999222222222222,0.0,normal player
7d5d2f76-1581-572a-b51c-9d29ddcf9a63,huff,4444,34.7,61.0,4.3,137.7,0.99,34.8,49.2,71.3,-4.0,206.9,1.37,0.7,15.54041379310345,15.345310344827588,5.92944827586207,2.2224827586206897,0.839793103448276,0.0339310344827586,normal player
efdd86b8-c60a-5564-a711-248cd0077131,paintsniffer82,yesok,20.5,74.1,5.5,125.2,0.95,21.7,54.7,71.0,-7.0,189.7,1.28,0.7,14.168634146341466,13.47487804878049,4.642829268292684,1.520926829268293,0.720439024390244,0.0266829268292682,normal player
4afa7f67-351a-59a0-ab80-77985d429586,phrogchamp,erm,20.3,74.7,5.0,144.2,1.04,19.6,48.6,76.9,0.0,220.3,1.41,0.8,14.951647058823532,15.58058823529412,5.517529411764707,2.201294117647059,0.829058823529412,0.0,suspicious
1c0562f6-8778-5e6e-8aef-876a234516f1,llPriddyll,0422,23.5,68.7,7.8,152.9,0.98,27.2,46.8,67.0,-1.0,231.3,1.29,0.8,16.696216216216214,16.38,5.211243243243243,3.5036756756756757,0.7968648648648647,0.0885405405405405,normal player
29b8ceda-3118-50ed-87e7-31d6f36d0ea3,JENNIE,6ft2,35.1,60.0,4.9,156.2,1.21,31.7,54.8,71.9,22.0,237.5,1.52,0.9,15.034260869565216,18.23886956521739,4.562695652173913,2.358782608695652,0.726695652173913,0.0476521739130434,suspicious
d93656d2-d182-57db-a929-dae446450c77,Jaewon,lava,21.6,73.3,5.1,146.0,0.99,22.1,53.8,68.8,1.0,222.0,1.3,0.8,16.07595238095238,15.87953968253968,4.961555555555555,3.3859841269841264,0.760031746031746,0.0341587301587301,suspicious
8cd0f0d4-fbb4-5bc2-92c6-a3ac4767e81f,tomie,0101,18.0,78.6,3.5,123.1,0.92,18.7,61.5,70.3,-6.0,182.1,1.27,0.6,14.375625,13.2609375,4.996875,1.1146875,0.7303125,0.0,normal player
9d1e00f4-052c-5d3b-9197-16c660c71f82,sigma,g00n,24.0,68.9,7.1,149.9,1.07,23.7,57.9,72.3,16.0,219.3,1.44,0.7,14.371890410958905,15.3712602739726,5.29031506849315,1.8797671232876711,0.8486712328767122,0.0158630136986301,normal player
53ee65cf-6159-5ae2-9d09-80f704302b57,ToyRoy,2050,19.5,76.4,4.0,153.4,1.11,18.7,48.6,72.2,16.0,230.7,1.37,0.8,15.380470588235292,17.095764705882353,4.011882352941176,2.353764705882353,0.7147058823529411,0.0381176470588235,suspicious
fea0e615-708b-5f6c-a87a-fd5a15ebd708,Risu,yyzq,27.6,67.8,4.6,148.3,1.07,26.6,47.6,72.9,8.0,224.0,1.42,0.8,15.183318181818182,16.17859090909091,5.371227272727273,1.8985909090909088,0.7735,0.0216363636363636,normal player
d6687bfa-07d2-54bf-a3a7-3690beb0bdbb,QuoC,VGB,25.5,68.0,6.4,119.0,0.82,22.4,38.8,67.9,-23.0,180.2,1.23,0.6,14.997692307692306,12.304076923076922,6.207999999999999,1.261,0.582,0.0149230769230769,normal player
2ba1bd29-0761-5123-8765-090379acf243,kushy,8152,23.0,70.7,6.3,137.7,1.02,21.8,57.3,70.0,1.0,208.6,1.35,0.7,14.636966666666666,14.929833333333333,4.857766666666667,2.4639,0.7831,0.0382,suspicious
4c0ccce6-ebca-5fc3-8c23-c037e9aec3a1,Ovrborred,2551,26.5,66.5,6.9,121.8,0.9,28.6,47.0,70.0,-6.0,182.6,1.26,0.6,14.987042253521125,13.504225352112677,5.4281690140845065,1.41,0.6487323943661971,0.0,normal player
e9e724de-a6c3-5040-83c2-1346db79cdb1,code0515F1191,3549,29.2,66.1,4.8,149.6,1.08,31.9,51.2,72.2,13.0,222.1,1.53,0.8,14.790193548387096,16.028903225806452,6.606451612903226,1.758967741935484,0.776258064516129,0.016516129032258,normal player
048154c3-9ad2-587d-9f68-a95f92c610b9,MilosCabinet,7410,31.3,62.5,6.2,137.7,0.97,26.1,50.6,68.8,-4.0,211.5,1.25,0.7,15.727371069182388,15.24046540880503,4.385333333333333,3.0137232704402512,0.731949685534591,0.0222767295597484,normal player
2c6a3837-2af5-5aa0-9ac6-4a3063225dae,jayden,0042,21.4,73.1,5.5,119.6,0.87,19.7,46.0,72.8,-13.0,178.9,1.3,0.6,14.7,12.84,6.3,0.88,0.68,0.0,normal player
54b687fb-4ec3-5495-aff1-bca5a2b9e730,dan,dman,21.9,74.3,3.8,122.7,0.92,22.4,53.7,69.8,-10.0,186.6,1.27,0.6,14.813793103448276,13.610172413793103,5.277413793103448,1.185103448275862,0.7406896551724138,0.0,normal player
f85d677b-5e63-5932-a5f4-d048df9cc855,SwaggyP503,1815,30.5,66.1,3.4,165.0,1.16,27.0,53.1,71.6,23.0,247.3,1.43,0.9,15.98516883116883,18.578103896103897,4.220415584415584,2.8618831168831167,0.786155844155844,0.0344805194805194,suspicious
4598dae0-506c-5c41-9c74-3940df72b7e2,romel,3393,26.6,69.2,4.2,128.3,0.9,25.7,50.0,68.5,-4.0,186.6,1.19,0.6,14.875,13.40625,4.34375,1.34375,0.875,0.0,normal player
249ee1d3-f12c-56e2-8f15-65e81ab60109,Prettywhenucry,you,25.6,65.7,8.7,149.7,1.04,27.6,55.0,74.5,2.0,225.1,1.42,0.8,15.981185567010307,16.579381443298967,6.143556701030928,1.5989690721649483,0.7030927835051546,0.0198453608247422,normal player
c51571f8-15b9-5ca6-8cff-9728fd8e8399,numa,dnm,32.6,64.0,3.4,192.4,1.23,32.8,38.1,70.0,36.0,294.3,1.56,1.0,16.049625,19.764375,5.286375,3.33375,0.762,0.142875,most likely smurf
471fd6c7-08f8-5d4d-8d90-b410e403203c,MeatManager,5050,19.0,73.6,7.4,134.2,0.98,18.8,44.7,69.9,1.0,200.8,1.333,0.7,14.772285714285715,14.484928571428572,5.204357142857143,1.8305714285714283,0.7024285714285714,0.0106428571428571,normal player
c34cabd3-25c3-5540-af28-fd502314c4a6,LEBRIIAN,hklv,26.4,66.6,7.0,146.4,0.99,29.2,50.9,70.6,1.0,218.2,1.27,0.8,16.387459770114944,16.247045977011496,4.598551724137932,1.8838850574712644,0.7722758620689656,0.035103448275862,normal player
56a9ac97-4c5a-5b78-af50-a85c31660425,PrDeath,Alt,29.4,65.0,5.6,148.9,1.18,29.4,33.3,69.5,12.0,224.4,1.47,0.8,14.319,16.872,4.218,0.999,0.999,0.111,suspicious
4c5019db-178f-5528-9a12-f4ed72d7a59f,Tmoney,6969,21.9,71.5,6.6,170.4,1.17,22.0,54.4,70.9,23.0,263.5,1.5,0.9,15.368,18.039428571428573,5.061142857142857,3.3902857142857146,1.0102857142857142,0.068,most likely smurf
6aaca4ed-11bd-50eb-aa4c-1457daf8ee0b,june,zxzx,24.5,70.6,4.9,151.0,0.92,24.1,56.7,68.4,1.0,224.4,1.18,0.7,18.177352941176476,16.676470588235297,4.769470588235294,3.4020000000000006,0.6670588235294118,0.0333529411764705,suspicious
33d1818c-fa25-5258-916d-49366a2aeca2,HamSandwich,green,24.9,69.9,5.3,135.1,0.91,21.2,43.4,68.1,-10.0,200.1,1.19,0.7,16.478848484848484,14.913818181818185,4.616181818181818,1.801757575757576,0.7364848484848485,0.0263030303030303,normal player
26b32d63-b22b-5749-98bd-3ad7e33cfc53,102170057,1575,20.1,73.3,6.6,115.5,0.75,18.3,47.2,63.9,-29.0,172.4,1.05,0.6,15.65152,11.66784,4.73888,1.9824,0.58528,0.03776,normal player
556cc7b5-b055-5520-b591-80d7745ff45a,Alucard,poor,21.0,72.9,6.1,137.0,0.98,21.4,54.3,71.0,-0.0,204.0,1.31,0.7,14.400359999999996,14.117999999999997,4.7784,1.5638399999999997,0.6733199999999999,0.0217199999999999,normal player
6762331e-293b-5115-8c5f-06f547dd9d44,Metz,22AL,16.7,78.2,5.1,140.9,1.01,20.0,54.2,71.5,9.0,209.2,1.34,0.7,14.779923076923078,14.962326923076924,4.784192307692308,1.6989615384615386,0.7608846153846155,0.0156346153846153,normal player
033eae2d-70fa-5f7e-bbe0-c8e34218dd5e,blackquak,vor,20.5,69.8,9.6,159.3,1.08,19.1,54.3,71.6,18.0,234.6,1.41,0.8,15.889894736842104,17.14736842105263,5.287105263157894,2.057684210526316,0.8573684210526316,0.028578947368421,suspicious
c346c679-62c8-5b13-9470-e69e940d5456,Dr House,show,27.5,66.4,6.2,154.7,1.18,28.3,55.6,72.4,18.0,236.2,1.46,0.8,14.873,17.6113,4.1005,2.1684,0.973,0.0278,suspicious
4b519ab4-5c5a-5fc1-867a-97e4239bcab1,snoopy,SWAG,29.7,65.1,5.2,150.5,1.03,29.6,44.0,69.4,-4.0,225.8,1.28,0.8,16.133333333333333,16.64,4.053333333333334,2.053333333333333,0.7333333333333333,0.0,suspicious
ba5bed3d-97e5-5b28-8aad-ed924a1c90ba,Meeee,77777,28.0,68.6,3.4,176.4,1.32,28.5,44.4,74.4,38.0,260.2,1.68,0.9,15.34575,20.28525,5.439,1.85925,0.999,0.0555,most likely smurf
b1e12790-47d8-531c-9bd1-6791187fb1ef,Bxmber,7,15.3,77.2,7.6,143.6,1.11,17.4,53.8,72.9,15.0,215.3,1.43,0.8,14.06485714285714,15.602,4.488457142857143,2.0905142857142853,0.6609714285714285,0.0153714285714285,suspicious
7eba1e19-987e-5dfc-aea5-b69787e190a6,Komly ツ,12,23.7,70.1,6.2,138.0,0.86,23.0,53.1,65.9,-13.0,204.7,1.17,0.7,16.21592307692308,13.989807692307693,4.942384615384616,2.736692307692308,0.7556538461538462,0.0408461538461538,suspicious
ed9f3370-2294-51d6-9043-e29e26dc210f,illude,9852,24.4,70.2,5.4,143.1,1.04,21.2,50.9,73.7,8.0,217.4,1.51,0.7,15.212460869565216,15.761295652173912,7.263208695652174,1.9342,0.8498086956521739,0.0132782608695652,normal player
2752e7ad-b61e-50d7-806f-50716aac0740,DragonLover22,4573,17.5,73.2,9.3,152.6,1.5,17.5,77.8,82.2,35.0,242.2,2.08,0.9,10.669714285714283,16.004571428571428,6.223999999999999,1.0002857142857142,1.0002857142857142,0.2222857142857142,most likely smurf
0b54e424-788d-52f9-96e1-667e4e75e6dc,jdot,jmon,41.6,54.7,3.7,137.4,0.94,37.1,50.0,64.8,-9.0,208.1,1.12,0.7,16.5,15.457364341085272,2.976744186046512,2.810077519379845,0.6744186046511628,0.0426356589147286,normal player
11aa48fd-44da-5265-8e38-560fe3890501,Justalad101,2291,26.3,68.3,5.5,143.3,1.09,23.4,47.4,71.6,7.0,213.2,1.35,0.8,14.277648648648649,15.526702702702702,3.8176216216216217,1.3515405405405403,0.6725675675675675,0.0128108108108108,normal player
5a2268e9-14ef-5511-b99f-24345f5b7560,jaggy,bag,23.2,72.0,4.7,145.0,1.18,23.6,45.0,75.0,23.0,216.8,1.69,0.8,12.8,15.075,6.6,1.05,0.575,0.0,normal player
cdf8dc5e-9b95-5b9f-b90b-b12e23309b83,chinchilla4000,420,16.0,79.1,4.9,156.7,0.94,16.0,50.0,70.5,-11.0,253.5,1.24,0.9,17.75,16.75,5.25,1.75,0.25,0.0,normal player
3567c020-4376-5d60-867a-c3f7518d76bc,Pontiac Bandit,0001,23.0,72.8,4.2,150.4,1.18,22.5,53.7,72.7,20.0,230.7,1.48,0.8,14.462386363636364,17.02534090909091,4.3082045454545455,1.794068181818182,0.9275454545454548,0.1098409090909091,suspicious
ea716daf-0d64-57f3-b26c-a74e2bf7b8c8,anwyl,uwu,21.5,73.1,5.4,149.4,1.03,22.5,53.0,72.6,4.0,226.9,1.34,0.8,16.506117021276594,17.0643085106383,5.009627659574468,2.455478723404255,0.7865425531914894,0.0028191489361702,suspicious
e62d8b15-2af0-5493-a382-747d18a0f5b0,INFINITE VOID,123,17.9,77.2,4.9,160.4,1.09,18.0,57.1,71.2,12.0,246.3,1.42,0.8,16.00584375,17.50471875,5.210375,3.3189375,0.69590625,0.01784375,most likely smurf
80a0a67b-70d1-514f-b12e-1920029a1f6f,nasram,mari,22.1,69.8,8.1,107.9,0.61,18.9,27.4,60.8,-45.0,156.4,0.87,0.5,17.57173913043478,10.781304347826085,4.526956521739129,1.4891304347826084,0.5837391304347825,0.0,normal player
3ce994d2-f0c1-5331-878f-9e929f2dc3a9,FAZE Gabi,h8tr,18.7,72.8,8.5,127.7,0.83,19.9,49.0,62.5,-14.0,194.5,1.11,0.7,16.129166666666666,13.434166666666666,4.5325,2.000833333333333,0.5512499999999999,0.0204166666666666,normal player
38c197ef-8e4f-5300-acfc-7636e35075c3,somisomi,sigma,28.2,66.5,5.3,141.9,0.9,27.4,51.0,69.0,-13.0,212.7,1.21,0.7,17.3944,15.6128,5.4468,2.176,0.6732,0.034,normal player
369a6316-6f30-5c19-8f5f-dcce71d0b3f8,SacredSilence111,NA1,23.8,70.4,5.7,160.9,1.34,19.6,50.7,73.8,35.0,249.1,1.69,0.9,13.625625000000005,18.22383333333334,4.837625000000001,2.3800833333333338,0.8168333333333335,0.0352083333333333,suspicious
9b826e5d-18da-580a-a63d-be498aff2d0e,bdawg james,brndn,29.3,67.1,3.6,154.2,1.12,27.8,53.9,73.0,19.0,228.1,1.49,0.8,14.979708333333331,16.787604166666664,5.5359791666666665,2.223375,0.8534166666666666,0.0112291666666666,suspicious
2a779813-083c-5991-a444-9bffe86d7f67,Collzn,Goob,22.1,72.4,5.5,146.2,1.09,25.4,57.4,70.8,8.0,221.4,1.38,0.8,15.280575757575756,16.715575757575756,4.305,1.8698484848484849,0.7479393939393939,0.026090909090909,suspicious
b6152663-852a-55c1-8746-e03034150e81,Sukhdeep Sidhu,singh,24.3,71.5,4.2,141.9,0.99,24.3,44.8,71.8,4.0,211.4,1.36,0.7,14.939076923076922,14.74953846153846,5.513846153846154,1.929846153846153,0.7926153846153845,0.0516923076923076,normal player
ff042635-087e-5033-8d72-6cb51cd1e6ef,Eclipse,72823,31.5,62.9,5.6,120.0,0.87,31.9,48.0,64.2,-14.0,176.5,1.21,0.6,14.04,12.24,4.76,1.8,0.76,0.12,normal player
869cbf7d-2a19-573a-91fd-0468fedd9cbf,Ramen,0907,17.3,73.1,9.5,124.0,0.73,19.1,54.3,66.1,-39.0,185.0,1.02,0.6,17.919,13.117736842105264,5.115631578947368,2.3148947368421053,0.6287368421052631,0.0,normal player
da1542bd-6ac4-5a30-892f-ff29323b7cab,UglyBashtard,7556,30.7,62.0,7.3,161.1,1.14,30.7,54.5,73.2,23.0,242.7,1.44,0.8,15.804999999999998,17.984999999999996,4.723333333333333,2.0891666666666664,0.8174999999999999,0.0,suspicious
136bfd0a-19f8-5db1-b9fa-6855ca8a5053,net metering,solar,19.9,73.4,6.7,145.3,1.09,19.8,37.5,71.6,13.0,218.4,1.48,0.8,15.325,16.725,6.0,2.025,0.85,0.0,normal player
497dc2fe-d9e6-58f2-970b-fd314c6b4f40,misft,1,19.0,75.0,5.9,145.9,1.1,17.1,55.2,73.4,14.0,222.6,1.53,0.8,14.168,15.6515,5.9915,1.886,0.7935,0.0344999999999999,suspicious
a1d944cf-1aff-5fac-ab4d-a899e76d5984,G2 Cr0wzo,yay,22.2,70.9,7.0,141.8,1.0,22.1,40.4,74.1,7.0,213.2,1.43,0.7,14.629052631578949,14.60778947368421,6.293894736842105,1.8286315789473684,0.7016842105263158,0.0,normal player
ae394e5d-ebc3-55ef-b66e-087aaceae6be,POOPYPRINCE,bdd,14.8,73.9,11.3,165.3,1.3,14.8,66.7,77.5,31.0,262.1,1.79,0.9,12.9398,16.8751,6.2698,2.2678,1.0005,0.0667,most likely smurf
837f89d5-0bf7-57c0-9228-5c889925bae7,Tofoo,220,36.7,58.5,4.8,153.5,1.17,34.1,55.0,72.0,17.0,230.4,1.45,0.8,14.73,17.21,4.08,2.41,0.75,0.03,suspicious
802b62f5-a64b-5c9b-83e9-f0618eb0092e,Liε,Lie,18.8,76.1,5.2,146.0,0.98,20.7,38.9,70.7,-6.0,222.6,1.25,0.8,15.921214285714283,15.671142857142856,4.223428571428571,2.222857142857143,0.6946428571428571,0.0555714285714285,normal player
84f63f0d-928b-5fc0-9ddf-3d4cb27c23bc,Rtz,1234,21.7,71.7,6.5,127.3,0.95,21.9,47.1,72.7,-3.0,191.0,1.4,0.7,14.772272727272728,13.987272727272726,6.693909090909091,1.6128181818181817,0.8706363636363635,0.0,normal player
21ac22b5-7d5f-5a88-bec2-2d7d2a925751,香香软软小面包,qaq,24.9,69.3,5.8,134.9,0.9,24.1,40.7,70.9,-9.0,202.3,1.28,0.7,15.984000000000002,14.43,6.0680000000000005,1.7760000000000002,0.407,0.037,normal player
d1624894-d0b9-5243-b35a-8afb91925ecf,ARASAKA,6955,22.5,71.8,5.6,161.4,1.13,22.5,37.5,76.1,12.0,242.9,1.36,0.9,13.75,15.5,3.25,1.875,0.75,0.0,suspicious
91bf047e-6aab-5700-8c84-d76b0f3826d8,打残局像第一次牵你手的心跳加速,kaiz,27.9,67.5,4.6,184.6,1.34,31.8,50.0,73.9,43.0,288.0,1.66,1.0,15.444444444444445,20.666666666666668,4.907407407407407,3.5,0.7407407407407407,0.0925925925925925,most likely smurf
d394d2fd-ac7d-53ad-9348-f30e428b1b37,Jamaican Tragedy,Bombo,21.6,73.4,5.0,169.7,1.28,22.1,40.9,72.2,27.0,259.9,1.57,0.9,15.272921052631578,19.545894736842104,4.466710526315789,2.3894210526315787,0.6242631578947369,0.064578947368421,most likely smurf
ddd05d96-5b3e-542d-bc28-9eeeb3198fab,FartWrld,1023,22.8,72.8,4.4,122.2,0.82,22.4,48.6,67.7,-22.0,184.0,1.13,0.6,15.706956521739132,12.805043478260872,4.87408695652174,2.2186956521739134,0.7747826086956523,0.0211304347826087,normal player
fc706ebc-d481-50a8-b02d-267f3fba4b02,verapo,0000,28.3,68.1,3.6,141.7,1.03,25.4,46.8,72.7,7.0,213.6,1.48,0.7,14.756444444444442,15.207111111111107,6.57511111111111,1.7564444444444445,0.7511111111111111,0.0115555555555555,normal player
11c41a9f-0674-5cf2-9322-9d579a26a889,Wob,idk,29.6,64.4,6.0,133.8,1.02,28.3,44.1,71.7,0.0,203.8,1.35,0.7,14.4158,14.7098,4.7138,2.3422,0.686,0.0196,normal player
0684f355-bd7e-5aeb-a6c5-bcec15866e0f,lilspitbubble,pew,11.7,85.7,2.6,147.7,1.31,11.7,0.0,77.3,10.0,217.0,2.0,0.8,15.37329069767442,15.56213953488372,5.044116279069767,2.01281015037594,0.7458750000000001,0.0202020408163265,normal player
15e80503-506f-57e2-bd41-bd09fd409ddd,Expert,lose,27.1,65.1,7.7,153.6,1.2,28.2,55.9,73.4,17.0,237.4,1.53,0.8,14.81004938271605,17.77067901234568,4.913679012345679,2.45683950617284,0.7453333333333334,0.0690123456790123,suspicious
660904e2-e87a-55f8-9af2-6c9e56801389,haterscarlett,smoke,35.5,57.6,6.9,121.8,0.86,35.3,66.7,67.4,-18.0,181.7,1.15,0.6,15.613863636363636,13.49159090909091,4.517409090909091,1.6675,0.667,0.0,normal player
aa779830-ab91-5e08-a580-d132411c8ffe,footlicker,9579,13.7,71.4,14.9,149.7,1.01,14.2,46.9,75.3,-1.0,229.0,1.44,0.8,15.649789473684212,15.760868421052631,6.788157894736843,2.011763157894737,0.715842105263158,0.0246842105263157,normal player
e617c870-42c0-533c-ae47-b792d384b15a,Ultraviolet,wip,44.1,52.9,2.9,240.7,2.46,44.1,100.0,87.0,126.0,379.6,2.77,1.4,13.0,32.0,4.0,2.0,1.0,0.0,most likely smurf
2d0a8d49-b638-56d6-9e6d-baa807160c05,Chai Connoisseur,2000,26.9,69.9,3.2,154.4,1.06,26.3,51.4,71.6,9.0,231.8,1.4,0.8,16.10533333333333,17.07622222222222,5.482666666666666,2.6271111111111107,0.6853333333333332,0.0,suspicious
69f9b894-9143-534e-add9-c7249b01a8e3,渡完瑞拉渡你妹,0987,20.3,72.0,7.6,181.3,1.39,20.9,45.5,73.2,42.0,281.9,1.74,1.0,14.411630434782609,20.00021739130435,5.034673913043479,2.898152173913044,0.7814130434782609,0.1088043478260869,most likely smurf
4393f30f-bb5b-5d63-9e42-9d9ae9e9126a,ZapityZap,8008,19.8,74.7,5.5,134.7,0.94,19.2,44.6,5.5,-12.0,210.1,1.15,0.7,15.886632911392406,14.870430379746836,3.409924050632912,3.2292658227848103,0.7282784810126582,0.0112911392405063,normal player
7d22d61b-aefb-543a-b20c-8055222a8b4f,Furhaw,NA1,11.8,72.4,15.8,115.9,0.77,11.0,52.6,71.4,-22.0,182.2,1.3,0.6,16.403029126213593,12.578038834951457,8.707087378640777,1.6597087378640776,0.7660194174757281,0.0,normal player
fb237c8a-54dc-5f94-ba2e-3568d1c4f62b,ttv closelymaple,scout,29.3,65.7,5.0,147.7,1.07,31.5,48.5,71.2,8.0,219.7,1.38,0.8,15.241382978723404,16.242340425531914,4.8190425531914896,2.125744680851064,0.8668085106382979,0.0,suspicious
4c7bf164-278a-57d9-9cd3-2d68406a3655,D15B2,5261,16.4,74.8,8.8,150.0,1.07,16.4,42.9,69.7,10.0,224.1,1.44,0.8,13.728,14.729,5.005,1.43,0.429,0.0,suspicious
e1e255b9-e9bd-51b6-96fa-b72e8420eaf3,forntitefan2008,5774,15.7,77.8,6.6,143.1,1.02,15.3,50.0,72.2,7.0,213.6,1.43,0.7,14.954545454545457,15.227272727272728,6.136363636363637,2.272727272727273,0.5454545454545454,0.0454545454545454,normal player
585053fc-1e0c-58e7-8c46-e2259ecc6715,ZeniMori,LvHer,41.6,55.2,3.2,151.8,1.1,39.9,52.1,70.6,10.0,230.4,1.35,0.8,15.379920000000002,16.968970000000002,3.735570000000001,2.4174400000000005,0.7919200000000001,0.02084,suspicious
19369082-910b-55c0-87e6-6bc24a23276a,CBT,Kenma,27.3,68.6,4.0,148.4,1.15,29.2,49.7,73.1,15.0,223.8,1.51,0.8,14.356379746835444,16.514240506329116,5.22793670886076,1.5413291139240508,0.647987341772152,0.0314556962025316,suspicious
addcfe0f-7f91-5596-82f3-dea0e40cf3a9,JasmineMilkTea,6191,20.6,71.4,7.9,175.5,1.62,20.6,100.0,73.9,27.0,260.3,2.23,0.9,13.0,21.0,8.0,2.0,1.0,0.0,most likely smurf
a6d7b3bd-7d4f-571c-8035-8659fd5eb2cc,Malo,823,28.0,66.6,5.3,150.3,0.94,28.0,40.0,71.4,1.0,221.6,1.25,0.8,17.333333333333332,16.266666666666666,5.333333333333333,2.4,0.6666666666666666,0.0,normal player
50da6a44-7d64-5da0-81cd-7a01f14c9706,Seishin,pook,24.8,68.5,6.7,124.6,0.87,24.1,43.1,71.2,-22.0,186.5,1.17,0.7,16.239464285714284,14.084464285714285,4.9565,1.7163035714285713,0.5464464285714286,0.0,normal player
792a812e-d514-5d5d-8687-b8037761e428,desruC,6984,25.5,68.5,6.0,133.8,0.98,23.9,55.0,69.1,-1.0,201.6,1.28,0.7,15.75,15.4,4.75,2.2,0.85,0.0,normal player
7dfc36f4-bdef-5e27-a551-246c41682b2c,Minty,6360,15.3,73.6,11.1,108.9,0.77,20.5,43.3,71.7,-31.0,167.8,1.36,0.6,15.7612,12.104755555555554,9.2662,0.9814666666666666,0.7216666666666667,0.0096222222222222,normal player
8a5b1773-d619-579f-8f40-b2a32e7cdd05,Yukinontaso,Shizu,30.5,65.6,3.9,174.0,1.24,27.8,52.0,74.8,32.0,260.2,1.59,0.9,15.26233766233766,18.875324675324677,5.341818181818181,2.7350649350649348,0.8779220779220778,0.0202597402597402,most likely smurf
d3f1ff26-18ea-5792-9273-fba2b20f5928,doggy,313,22.2,75.3,2.5,165.6,1.1,21.8,50.0,72.4,17.0,248.3,1.42,0.8,16.02906976744186,17.709302325581394,5.0,2.1627906976744184,0.686046511627907,0.0406976744186046,suspicious
b190db73-2f88-52de-b42a-0c0daa85f982,Rental Catgirl,STLLA,14.8,77.7,7.6,135.5,0.9,16.9,54.9,66.7,-9.0,210.4,1.19,0.7,16.62685714285714,15.038678571428571,4.7057142857142855,3.0391071428571426,0.7646785714285714,0.0196071428571428,normal player
0023945c-c31c-51b5-a806-47bd7d02b787,Pancake,6852,18.5,76.3,5.3,167.0,1.25,26.9,60.0,73.7,26.0,253.3,1.59,0.9,15.258823529411766,19.141176470588235,5.0588235294117645,2.5647058823529414,0.8470588235294118,0.0588235294117647,most likely smurf
5743c70a-7ad6-5c9c-ae64-dd19fa87162a,Spanksta,6785,18.8,75.6,5.6,149.9,1.07,20.1,54.1,71.8,4.0,225.5,1.39,0.8,15.4185,16.568125000000002,4.882525,2.3804,0.83855,0.013525,suspicious
96f8e616-fb05-5d64-b967-90955e9bf69f,EatDat,2003,23.2,73.0,3.8,118.0,0.82,28.0,40.0,68.2,-23.0,172.1,1.11,0.6,15.9,13.06,4.6,1.46,0.72,0.0,normal player
aeab6e84-ed03-5734-a6b7-21ee76ab3b00,jcart,track,23.6,71.1,5.3,197.0,1.43,22.1,55.7,77.2,56.0,303.0,1.83,1.0,15.08025925925926,21.50638888888889,6.044481481481482,3.733962962962962,0.8355,0.1031481481481481,most likely smurf
c056fb90-8abb-5788-8d46-fedc93e5aad1,choso,NOVAA,24.5,70.8,4.8,127.4,0.9,25.3,50.0,65.5,-18.0,196.0,1.13,0.7,15.033333333333331,13.533333333333331,3.466666666666667,1.9666666666666663,0.5666666666666667,0.0666666666666666,normal player
d6ad1f4a-e25f-5474-bfee-5518cbc06fb5,okay,kaye,20.9,74.2,4.9,136.8,0.86,17.1,48.6,71.4,-12.0,202.0,1.27,0.7,16.304365384615384,14.098673076923076,6.659134615384615,1.4720192307692308,0.7523653846153846,0.0093461538461538,normal player
1b55f9a1-883f-5a94-bb14-b5922466b877,maelu,puckl,17.0,75.8,7.2,161.4,1.34,17.3,47.2,77.4,37.0,256.1,1.78,0.9,13.85792,18.61568,6.11712,2.41664,0.77408,0.07552,most likely smurf
d5d147ff-0f26-594d-951c-d1593b5a7c2f,C9 CRAYON EATER,11111,40.7,55.8,3.5,172.1,1.39,37.9,70.3,78.3,46.0,257.9,1.78,0.9,14.416450704225351,20.06025352112676,5.614098591549295,2.237718309859155,0.752507042253521,0.0495070422535211,most likely smurf
c105cf2b-c1b9-594e-9ce2-60ecf7a223ba,ZmjjKK乾,EDGup,27.0,67.9,5.1,141.3,0.95,29.2,46.2,68.6,1.0,207.8,1.3,0.7,16.0944,15.296400000000002,5.5692,1.9152,0.798,0.0336,normal player
dcaa43fe-0d77-5d6a-8d6c-d4314b3a3132,shinji2,1208,30.4,64.5,5.1,150.0,0.97,30.4,20.0,60.5,-4.0,223.3,1.2,0.8,15.3,14.8,3.5,2.5,0.5,0.0,normal player
54e637a0-b670-55bf-b9a5-3a5b83e90c31,Misty,6348,22.4,70.2,7.4,136.4,1.01,19.4,54.1,73.4,3.0,209.9,1.44,0.7,15.245895238095237,15.328333333333331,6.610504761904761,1.4581238095238094,0.6955714285714285,0.0103047619047619,normal player
cfeb320d-f9d8-548d-bb74-f6299d945814,Peter2,spdr,24.1,64.6,11.4,145.1,1.05,24.1,0.0,60.7,5.0,220.0,1.38,0.8,15.37329069767442,15.56213953488372,5.044116279069767,2.01281015037594,0.7458750000000001,0.0202020408163265,normal player
2afbd166-1cf2-5940-91d4-864cdc2166d9,wingwong,4224,31.2,64.1,4.7,140.5,1.05,31.5,55.8,72.1,5.0,213.0,1.36,0.7,14.855844155844157,15.529792207792209,4.601688311688312,2.058077922077922,0.7754025974025974,0.0217402597402597,suspicious
eac9347a-6c3e-5037-a773-e603ed476657,beastlysushi,9656,13.3,79.5,7.2,136.6,0.89,14.6,50.0,70.0,-20.0,211.8,1.31,0.7,17.21153846153846,15.26923076923077,7.346153846153846,1.6538461538461535,0.7692307692307693,0.0576923076923076,normal player
cb3aae03-6dd2-5d2b-935b-f0784674c148,ClairoLover,zero,19.6,71.2,9.1,142.7,1.02,17.4,52.0,72.2,2.0,219.0,1.37,0.7,15.48,15.773333333333332,5.453333333333333,2.4,0.6666666666666666,0.0266666666666666,normal player
54302936-7d0d-5b30-80cb-dced06395dce,crilyis,tsou,28.7,67.6,3.7,137.1,1.01,27.7,48.6,70.2,1.0,207.0,1.3,0.7,14.922409090909092,15.143318181818184,4.285636363636364,1.839068181818182,0.7234772727272728,0.022090909090909,normal player
bbf811f3-c667-53f8-ad44-5234ae88645d,adobo assailant,adobo,10.8,72.8,16.4,120.9,0.83,12.5,50.9,70.9,-14.0,180.0,1.22,0.6,15.408818181818184,12.828223776223778,6.011895104895106,1.3276713286713289,0.7901958041958043,0.0142377622377622,normal player
865e3cf0-a2a8-5379-a587-dd56c592c356,pinkjellycat,pink,21.1,72.2,6.8,113.6,0.74,20.7,51.6,69.7,-37.0,172.9,1.15,0.6,16.14515625,12.02521875,6.53465625,1.16503125,0.7256250000000001,0.00403125,normal player
53e84104-24bf-5709-848a-9296a862ff3b,Satty,0000,26.2,66.7,7.1,143.8,1.02,25.1,59.1,69.3,-1.0,217.7,1.29,0.8,15.911538461538465,16.229769230769232,4.227923076923077,2.7504230769230773,0.8865000000000001,0.0,suspicious
67fc4611-fa2c-5afd-934f-2cff624ecf8f,mcwingus,wingo,23.2,69.5,7.2,137.0,1.05,23.2,52.6,72.7,7.0,207.5,1.48,0.7,13.0448,13.7286,5.6282,1.1572,0.8416,0.0,suspicious
bea5d536-7888-5301-84d4-51a4ea42e42e,PUR cxL,kawra,42.5,53.6,3.8,143.5,1.0,42.2,51.7,71.0,1.0,212.6,1.28,0.8,16.40977884615385,16.384923076923076,4.6530000000000005,2.008346153846154,0.7208173076923077,0.0099423076923076,normal player
259b66af-5216-553f-b6bf-901a817ade13,sharpy42,ilyt,22.5,72.4,5.0,158.3,1.15,24.2,47.2,69.5,12.0,240.7,1.4,0.9,15.291172413793104,17.602344827586208,3.8736551724137938,2.7668965517241384,0.7080000000000001,0.0244137931034482,suspicious
d88206f6-63ea-5d5a-86fd-260836b71bbf,I Love NIKI,TACWM,32.2,62.9,5.0,163.4,1.15,30.9,41.9,75.9,23.0,240.8,1.51,0.8,14.987307692307692,17.30792307692308,5.318076923076923,1.6437692307692306,0.6123846153846154,0.0644615384615384,most likely smurf
4fce446f-4c78-5d90-bb40-6518b86f4ced,Crimo,ggz,28.6,66.5,4.9,158.4,1.14,26.9,48.9,67.8,18.0,245.7,1.32,0.9,15.988173913043475,18.178043478260868,2.891478260869565,3.2103913043478256,0.8929565217391303,0.0,suspicious
44e5a911-74e8-5e75-962d-4b66d6ec595c,loserbag,ily,30.1,67.3,2.7,114.2,0.87,29.7,46.0,71.7,-21.0,176.6,1.39,0.6,14.8,12.92,7.72,1.22,0.78,0.04,normal player
3433a371-ceb6-5264-a5e3-8fe36a7f4b6a,Im Daniel,123,16.1,77.0,6.9,121.2,0.9,17.9,54.6,72.4,-13.0,184.2,1.39,0.6,14.865622641509434,13.402754716981132,7.221622641509434,1.1229056603773586,1.0610943396226415,0.0,normal player
b2810bb8-dbac-5c94-967b-32bd37bdcbff,Alpha,stuck,12.1,75.9,11.9,135.4,0.91,18.8,54.1,71.6,-12.0,202.8,1.25,0.7,15.639818181818184,14.229939393939397,5.2624545454545455,1.704969696969697,0.7213333333333334,0.0,normal player
6e2bf3bf-5e3f-5f36-b250-4762e968408e,exhaustin,DRFL,32.7,64.2,3.1,140.9,1.02,30.5,50.7,71.0,3.0,213.4,1.27,0.7,15.771676470588236,16.16435294117647,3.8174117647058825,2.863058823529412,0.800264705882353,0.0198823529411764,normal player
4fd4570c-a36e-506e-97bd-11d47b1a1c94,Sarkastiks,Moose,13.6,78.6,7.8,133.0,0.86,13.7,46.9,70.6,-10.0,207.4,1.34,0.7,16.427342105263158,14.156394736842106,7.874263157894737,2.6658947368421053,0.6664736842105263,0.0246842105263157,normal player
876c2536-49df-5ca6-87f8-adabf0d9b49b,BigNerd,4907,16.3,75.2,8.5,135.7,1.14,15.0,56.0,74.6,1.0,226.8,1.7,0.8,14.76,16.82,8.22,1.28,1.14,0.06,suspicious
20185190-51af-5b0f-8bc3-521917ffa3f4,daygo,42069,31.9,64.2,3.9,187.3,1.38,31.1,49.6,74.3,49.0,282.4,1.66,1.0,14.986830769230767,20.69464615384615,4.181661538461538,3.1667692307692303,0.7401846153846153,0.0457846153846153,most likely smurf
56a4860b-40f9-5cfb-bf04-6cbd3508afe4,ItchyFinger42,upit,30.8,63.0,6.2,151.7,1.01,32.3,38.8,67.7,4.0,231.5,1.29,0.8,15.826315789473684,16.030526315789473,4.410947368421052,2.8181052631578947,0.735157894736842,0.1225263157894736,suspicious
b700213d-faaf-5b73-9f48-1eb1b111d164,saran pack,1629,22.3,73.6,4.1,141.4,1.06,23.1,41.7,67.7,-0.0,219.6,1.31,0.8,15.6792,16.61745,3.89895,1.64715,0.60465,0.06255,normal player
2d46422b-58fe-56ba-99c7-2bcff5e1873d,hyunemoroll,soop,29.5,66.6,3.9,133.7,1.08,28.3,49.4,72.8,-1.0,205.0,1.5,0.7,13.8814,14.95585,5.91565,1.451125,0.72865,0.030875,normal player
424d6cad-cff2-5d4e-96e5-6ba2a60e150d,Ｓｕｍ ｔｉｎｇ ｗｏｎｇ,2143,16.7,77.3,6.0,169.5,1.44,15.3,60.0,77.5,44.0,264.1,1.87,0.9,13.433333333333334,19.366666666666667,5.816666666666666,2.2,0.8166666666666667,0.0666666666666666,most likely smurf
5d87c48f-4fc2-54eb-b557-4f0f7882042c,zerokilIs,0,35.5,61.8,2.7,153.7,1.17,34.8,46.4,72.2,13.0,230.6,1.41,0.8,14.895589743589742,17.35835897435897,3.628717948717948,2.379487179487179,0.7138461538461538,0.0475897435897435,suspicious
0218d2bb-2a52-539b-89fc-5f0b4da8667b,Justmk,1000,29.1,65.0,5.9,119.3,0.77,29.1,33.3,64.5,-21.0,175.6,1.04,0.6,16.150499999999997,12.4875,4.329,0.8324999999999999,0.3329999999999999,0.0,normal player
d1921620-d5c6-5fa9-9cb6-d551f9f7e274,Wrecktov,NA1,26.1,68.0,5.9,110.2,0.84,26.1,68.4,75.3,-20.0,167.1,1.39,0.6,14.574461538461538,12.259384615384617,7.944923076923077,1.368,0.8944615384615384,0.0,normal player
33d55be6-beb9-5609-8167-b0a0c740f4bb,toobiedoobie,toob,32.6,61.8,5.6,149.2,1.08,36.7,54.2,69.7,9.0,228.9,1.32,0.8,14.4476875,15.6333125,3.5060625,2.91325,0.7791250000000001,0.0,suspicious
24c2cacc-e2bb-512a-b40f-48b612930647,Jeremy Lin,AZN,22.9,69.5,7.5,147.3,0.89,24.1,45.4,67.5,-12.0,226.5,1.15,0.7,17.483632653061225,15.51938775510204,4.669714285714286,3.641265306122449,0.6207755102040816,0.0277959183673469,normal player
a79b1016-9c37-57aa-a4b3-90a191680d10,PotatoOnTheFloor,6666,19.0,76.1,4.9,145.4,1.03,23.8,50.9,72.8,8.0,218.5,1.42,0.8,15.742204819277108,16.263469879518073,6.132530120481928,1.962409638554217,0.7849638554216867,0.0245301204819277,normal player
b2080179-be20-5d44-9f69-4be763a0396d,PapiSlick,7224,22.5,72.0,5.5,151.1,1.08,20.3,47.1,70.3,9.0,229.5,1.38,0.8,15.447991416309012,16.656824034334765,4.614991416309013,3.1211330472103005,0.7802832618025751,0.0121287553648068,suspicious
4b4c22e1-9d3d-5fe9-bcdb-a4ead15ccbae,huh,1271,32.0,63.5,4.5,168.0,1.29,30.9,59.4,74.7,32.0,244.6,1.64,0.9,14.209105263157896,18.39836842105263,4.892684210526316,1.7507368421052631,0.8128421052631579,0.0625263157894736,most likely smurf
45e8ac23-db0d-5090-b230-ad7d889309dc,mayafuni,doggo,29.4,66.9,3.6,148.3,1.24,32.3,56.7,75.9,24.0,223.9,1.55,0.8,13.674705882352942,16.94329411764706,4.302529411764707,2.1012352941176475,0.5002941176470589,0.0333529411764705,suspicious
2a583b9c-b341-5102-a2b3-2b2e41ccce03,LittleMsKillJoy,Na 1,8.2,79.3,12.5,135.0,0.9,8.2,40.0,77.5,-10.0,213.1,1.36,0.7,14.4,13.0,6.6,1.4,0.2,0.0,normal player
e0ddb0f6-19f1-5681-b24a-900a3c6a9220,jarvuh,1213,28.7,64.8,6.5,141.9,1.04,27.3,52.9,71.0,1.0,220.1,1.43,0.8,15.811222222222222,16.399,6.171666666666666,3.2621666666666664,0.6171666666666666,0.0,normal player
3af90926-244f-501e-a7b6-329e16caa0e0,Big Meat Mishk,8867,17.6,76.6,5.8,131.6,0.86,19.9,42.4,68.1,-12.0,194.8,1.19,0.7,16.46028571428571,14.219142857142854,5.315142857142856,2.286571428571428,0.8177142857142855,0.0,normal player
f325c41c-92c0-5dda-88f5-8810005d8f9c,turtletimmy,2737,23.7,69.2,7.2,137.1,1.05,23.5,54.8,68.6,2.0,209.5,1.24,0.7,15.11835294117647,15.859764705882352,2.868941176470588,2.256470588235294,0.9348235294117646,0.0644705882352941,normal player
9f2ed591-2ed3-579c-b47c-4f67dd83e4dc,She Her,Slayy,21.5,71.6,6.8,161.2,1.16,24.4,45.3,72.1,22.0,242.5,1.43,0.9,15.65173076923077,18.131615384615387,4.193153846153846,2.4798846153846155,0.7840384615384616,0.0348461538461538,suspicious
6bc62bef-3564-5943-a0f1-8b4c66814f27,L1ght,4905,28.5,65.4,6.1,147.6,1.07,24.9,45.7,71.7,10.0,221.6,1.41,0.8,15.654906976744186,16.67518604651163,5.441488372093024,1.8492558139534885,0.8608604651162791,0.0,normal player
edf30b46-17c7-554d-894c-dce6d93c8e31,BustaNutTimmy,987,23.7,71.2,5.1,144.4,0.99,23.7,47.1,70.3,5.0,214.0,1.26,0.7,15.66075,15.543,4.12125,2.060625,0.529875,0.058875,normal player
58963ab1-5699-5f94-9ea0-46c623154e84,d3rka,tofu,31.3,64.7,3.9,135.3,1.01,31.2,45.5,70.7,1.0,203.8,1.4,0.7,14.802666666666669,14.924,5.854333333333334,1.4560000000000002,0.7886666666666667,0.0606666666666666,normal player
e0a1af87-4c60-5fe3-997e-d67f4e950252,U NEED AIMLABS,COM,29.7,64.5,5.8,128.7,0.97,29.0,54.5,69.7,-4.0,193.1,1.28,0.7,14.824956140350878,14.356447368421051,4.5799122807017545,1.8835964912280705,0.7792543859649123,0.0095614035087719,normal player
c470db10-7548-5ca6-a7d2-c1804f5ebd52,Arise,9797,25.7,67.3,7.0,129.0,0.93,26.5,46.4,66.2,-15.0,192.3,1.17,0.7,15.311999999999998,14.20553846153846,3.747692307692307,2.177230769230769,0.7852307692307691,0.0356923076923076,normal player
75d49652-01ea-5873-bb7d-3ed021318496,jia,idk,23.2,73.4,3.4,141.9,1.03,23.9,45.3,72.1,5.0,210.5,1.36,0.7,14.95348514851485,15.37060396039604,4.89329702970297,1.7357524752475246,0.7131386138613861,0.0179405940594059,normal player
2a759bec-7834-527f-bcee-cddf73071a15,Misguided,yippe,35.2,60.6,4.2,142.2,0.91,35.9,34.6,64.5,-13.0,218.2,1.1,0.8,17.415333333333333,15.83911111111111,3.267777777777777,3.4984444444444445,0.6535555555555556,0.0384444444444444,normal player
44b75c0b-ad8a-5906-9adb-2f23034e9468,Ryame,9103,21.8,72.3,5.9,141.1,0.96,19.7,45.6,71.1,-1.0,217.0,1.34,0.7,16.238666666666667,15.542,6.244666666666666,2.115333333333333,0.8486666666666667,0.0253333333333333,normal player
765ab0c5-f7f3-5400-a048-79beccb2e28e,tensa,15,393.3,56.3,4.5,128.8,0.79,39.3,33.3,64.7,-19.0,182.4,1.04,0.6,17.648999999999997,13.986,4.329,2.664,0.6659999999999999,0.0,normal player
59c58893-32b4-5f96-83ce-2d38303ea75d,IronaimIronmind,NA333,17.7,75.1,7.2,144.4,1.07,18.1,52.6,73.2,6.0,217.7,1.44,0.8,14.8858,15.8852,5.523,1.3676,0.9731,0.0,suspicious
28637963-27c1-5e4d-9309-67ade2e1b469,jamjammie,erm,24.3,70.6,5.1,123.8,0.96,25.1,59.1,73.7,-14.0,186.3,1.45,0.7,14.20673076923077,13.570269230769233,7.069269230769232,1.0001538461538462,0.977423076923077,0.0,normal player
2049c523-6c6a-5207-8bfc-8d814f2623dd,Phaser,6097,39.4,56.9,3.7,144.3,1.06,40.3,52.9,73.8,9.0,217.2,1.46,0.8,15.546722222222222,16.45777777777778,6.259833333333333,2.4980555555555557,0.8816666666666666,0.0293888888888888,suspicious
b0296564-90f0-5893-9614-191115d3c92a,Zephan,777,19.9,74.3,5.8,135.1,0.99,20.3,50.0,71.3,2.0,204.2,1.36,0.7,15.4,15.25,5.766666666666667,1.4666666666666666,0.55,0.0166666666666666,normal player
08087ae3-b873-5131-bfbb-734859fb44df,wizy,him,28.8,66.7,4.5,154.5,0.97,28.5,53.2,70.6,-5.0,232.5,1.31,0.8,16.853283582089553,16.37289552238806,5.784507462686568,2.4813432835820897,0.6391940298507462,0.0635223880597014,suspicious
2e367ca9-558f-567d-a1ee-a1b1a6ca8652,EVX GARDYAN,D3MON,28.3,66.4,5.3,133.4,0.97,28.3,48.0,69.1,-6.0,202.6,1.27,0.7,15.18,14.72,4.51,2.11,0.68,0.0,normal player
d376b7d2-af29-5523-95ef-510add3f161d,Jasssssson,NA1,29.6,65.0,5.4,166.2,1.339,34.1,67.9,75.0,38.0,253.5,1.69,0.9,14.126972222222223,19.57783333333333,4.319194444444444,2.7348611111111114,1.0562222222222224,0.0377222222222222,most likely smurf
a87609d7-5310-59a0-b07b-b88ddd3813bd,tloyf,Anya,28.1,66.3,5.7,172.4,1.22,25.7,52.5,73.9,27.0,260.4,1.55,0.9,15.583333333333334,19.041666666666668,5.091666666666667,2.033333333333333,0.7333333333333333,0.1,most likely smurf
42ad8dcb-8649-5584-b365-6e8606d9bea3,Miss her,daisy,28.3,67.4,4.2,136.5,0.91,31.9,49.5,67.3,-13.0,207.7,1.19,0.7,16.47642857142857,14.97122448979592,4.697448979591837,2.3436734693877552,0.7172448979591837,0.020204081632653,normal player
7a7b2939-0ade-5937-a424-bafeaf04949d,jeezy,icey,27.3,69.0,3.7,169.5,1.18,25.0,54.2,70.0,29.0,246.9,1.44,0.9,14.7695,17.4795,3.794,2.6930625000000004,0.88075,0.033875,suspicious
6f4e93ef-2616-565c-8bb1-1d68f52ead52,baby,g80,36.5,61.7,1.8,131.0,0.88,36.5,50.0,67.4,-19.0,197.5,1.09,0.7,17.055555555555557,15.0,3.6666666666666665,1.7777777777777777,0.8333333333333334,0.0,normal player
637641f2-3482-5b2d-bb1b-5595dfce2f16,MIBR Bruno,33333,17.6,73.3,9.1,152.7,1.13,18.0,42.0,68.5,22.0,234.1,1.39,0.8,14.54,16.38,3.84,2.7,0.52,0.02,suspicious
ebb236ba-f1eb-5569-9b52-9c9f40253a7d,JpNava,NA1,19.9,72.1,8.0,125.4,0.87,18.6,43.8,67.0,-15.0,195.9,1.2,0.7,15.48642857142857,13.499785714285713,5.1465,2.0648571428571425,0.6569999999999999,0.0156428571428571,normal player
cac892e6-c9af-5210-a15c-0dc953022de0,Luv,3045,19.1,74.5,6.4,144.8,0.84,18.3,44.0,67.2,-16.0,216.8,1.13,0.7,18.214166666666667,15.225833333333332,5.445,2.5391666666666666,0.7241666666666666,0.0183333333333333,normal player
d318d4bd-5d26-5e38-b360-ed822c42c777,AntMann,6969,15.1,74.8,10.2,126.2,0.87,15.1,50.0,67.8,-16.0,193.2,1.21,0.7,16.0,13.9,5.4,2.1,1.2,0.0,normal player
30c0b652-d2f5-5c81-b934-439c2b8ed053,rezimine,vora,20.5,75.1,4.5,130.6,0.89,18.6,50.9,67.0,-12.0,192.8,1.22,0.7,15.797851851851853,14.025777777777778,5.221962962962963,1.658962962962963,0.640962962962963,0.0,normal player
c2633d86-99d8-530a-b6a4-26761c676b35,vevo,7979,37.1,57.6,5.4,167.0,1.14,34.3,49.7,70.2,23.0,247.7,1.37,0.9,15.974164705882352,18.155117647058823,3.695341176470589,3.3796,0.8419764705882353,0.0233882352941176,most likely smurf
ee5e87f3-8145-5fc3-af43-19a44e2afdd5,Salem,0000,22.6,72.6,4.8,145.0,0.86,22.6,0.0,56.0,-14.0,220.9,1.1,0.7,15.37329069767442,15.56213953488372,5.044116279069767,2.01281015037594,0.7458750000000001,0.0202020408163265,normal player
89266a50-e870-5b82-a52e-19783554a86b,paulleewhirl,1,15.0,76.8,8.2,126.3,0.89,15.0,27.3,68.6,-1.0,186.5,1.28,0.6,15.288,13.559,6.006,1.638,0.546,0.091,normal player
1b14d596-d344-5f95-b027-d87009e77c3b,volcom78990,4567,31.8,65.0,3.2,157.7,1.12,29.3,52.8,75.5,16.0,239.9,1.42,0.8,15.43384615384615,17.253415384615383,4.7357538461538455,2.282584615384615,0.7391999999999999,0.0406153846153846,suspicious
d086eaa3-f830-5e90-a3a6-47366bda4391,Vonsonn,NA1,17.2,77.1,5.7,143.1,1.07,16.5,52.2,73.8,13.0,213.3,1.49,0.7,14.067092783505156,15.02498969072165,5.951876288659794,1.5821443298969071,0.7103505154639176,0.0215257731958762,normal player
461fcca7-3a89-5d4d-9c7e-abe7e6a8a249,ChickenNoodle,yummy,26.7,70.5,2.8,161.0,1.4,27.1,45.8,76.2,42.0,237.4,1.66,0.9,13.823272727272728,19.31927272727273,3.664,1.9152727272727272,1.0825454545454545,0.0,most likely smurf
fb5548ff-4314-52f7-9068-83289ff4c8c0,SnazzyTuxedo,5633,19.0,72.4,8.6,125.1,0.97,19.0,58.8,77.7,2.0,186.9,1.63,0.6,12.7008,12.2892,8.4084,1.1760000000000002,0.7056000000000001,0.0,normal player
34967d7a-3ba5-5cac-a4a4-be8ec4b9b24f,beanie,143,29.0,63.1,7.8,135.7,0.99,25.7,42.9,71.7,-8.0,212.8,1.43,0.7,15.546142857142856,15.403142857142855,6.761857142857142,1.756857142857143,0.858,0.0204285714285714,normal player
81fb26c6-6696-5e19-8fdb-78f7548a7ea1,Explicit,1001,14.3,78.4,7.3,143.9,0.88,12.4,52.4,72.6,-8.0,216.4,1.35,0.7,17.17290909090909,15.148363636363635,8.074363636363636,1.881636363636364,0.9289090909090908,0.0476363636363636,normal player
3ff4a01d-f40f-5d67-a671-22b3e2d5b61e,Bulgogi,1090,21.5,71.5,7.0,143.4,1.04,20.1,34.6,71.5,17.0,209.7,1.36,0.7,14.301333333333332,14.877999999999998,4.536444444444444,1.460888888888889,0.8073333333333332,0.0,normal player
2d9071de-21bf-5b69-b13e-6da4df300846,Lord Fader,8888,10.1,73.8,16.1,89.5,0.56,10.1,33.3,64.9,-50.0,128.3,0.83,0.4,17.648999999999997,9.90675,4.8285,1.1655,0.8324999999999999,0.0,normal player
e10b2ea3-47b7-592e-9eae-d6281539ecbc,Noodles,NDL3S,18.0,71.0,11.0,141.4,1.3,18.0,40.0,70.8,18.0,229.0,1.57,0.8,12.2,15.8,3.4,1.4,0.6,0.2,normal player
18fe0aa6-1236-522d-869a-4da753cd74ad,thatdrunkguy5455,5608,12.5,80.0,7.5,143.3,0.93,14.1,45.5,67.5,-11.0,220.2,1.24,0.7,16.796,15.599999999999998,5.199999999999999,2.665,0.7669999999999999,0.0,normal player
bbbca435-964f-51aa-8dd3-037b5bc834b4,bumster,5371,17.6,72.1,10.3,133.0,1.04,19.9,46.9,70.4,1.0,206.7,1.38,0.7,13.911967391304348,14.493119565217391,4.674706521739131,1.9218804347826088,0.6576195652173913,0.0,normal player
fd9a7d3d-cec0-5042-ac1a-9e71b6efb08d,Illitzelettes,WA2,11.2,74.9,13.9,113.0,0.77,12.3,53.0,69.5,-20.0,166.4,1.2,0.5,15.11319587628866,11.616288659793812,6.556701030927835,1.032680412371134,0.781340206185567,0.0109278350515463,normal player
422e515a-3854-5419-b916-e86c6fbb3754,Bizarre,1144,11.4,75.7,12.9,142.4,1.08,11.1,44.4,72.7,4.0,223.8,1.43,0.8,15.1182,16.3392,5.2614,1.443,0.6882,0.0444,normal player
3227b9d3-a132-5e29-b303-c6191739e26f,Light Yagami,NA 1,25.3,70.1,4.6,135.8,0.94,23.5,39.2,68.4,-4.0,203.8,1.27,0.7,15.996129032258066,14.959225806451611,5.38683870967742,1.5932903225806452,0.543741935483871,0.0126451612903225,normal player
0089fb11-7146-5300-aef0-7579984cc4b0,GothMommy,Viper,23.2,73.0,3.7,154.8,1.0,23.2,47.6,69.7,13.0,225.5,1.29,0.8,15.0892,15.0892,4.3316,1.8088,0.5712,0.0476,suspicious
00fa7ac5-2c63-54d4-8713-98029fc3a685,reaperdragon2012,8935,22.7,72.9,4.5,152.8,1.02,24.1,54.5,72.6,2.0,233.2,1.49,0.8,15.804999999999998,16.122916666666665,7.402916666666665,2.0891666666666664,0.4541666666666666,0.0454166666666666,suspicious
8eff3db0-ea20-55a4-aec3-15a022fdb2d4,Limbo,2lucy,33.3,63.1,3.7,129.4,0.99,31.9,48.9,70.4,5.0,190.0,1.39,0.7,13.99551724137931,13.911206896551723,5.485793103448276,1.534448275862069,0.6801034482758621,0.0168620689655172,normal player
003535d4-c1bd-5b99-848c-92a680a415c9,TiredVex,Hope,32.8,64.1,3.0,170.8,1.15,32.1,37.0,70.8,18.0,257.5,1.36,0.9,16.7055,19.129,3.589,3.8665,0.6104999999999999,0.074,most likely smurf
52c02387-91cd-5644-be46-4a714779869a,bliss,4107,16.8,76.7,6.5,125.7,0.91,17.5,53.0,72.2,-6.0,189.4,1.39,0.6,14.94439393939394,13.571212121212122,7.255378787878788,1.4053030303030305,0.8632575757575758,0.008030303030303,normal player
f82c5c49-2828-5997-9414-ca7902c43117,ntk,ToT,14.8,80.0,5.2,116.1,0.87,13.8,52.8,71.9,-18.0,175.0,1.22,0.6,14.840571428571428,12.973714285714284,5.185714285714286,0.4902857142857142,0.8108571428571428,0.0,normal player
1dcee2b0-929f-5cfc-a7ba-263d968741d4,Sndess,NA1,27.0,68.4,4.6,163.6,1.15,27.5,52.5,71.4,23.0,247.9,1.44,0.9,15.548076923076923,17.93076923076923,4.502884615384615,3.2509615384615382,0.8076923076923077,0.0504807692307692,most likely smurf
2ac81cea-d864-5c13-a26f-ff1456817617,Rileee,69420,27.8,67.7,4.5,174.0,1.25,23.9,50.6,74.0,37.0,260.6,1.6,0.9,15.342179487179488,19.20853846153846,5.377871794871795,2.5883846153846157,0.7006153846153846,0.0713589743589743,most likely smurf
ac4f2166-dd8e-548d-8331-5881016e44ac,sojuu,fps,32.3,64.2,3.4,141.7,1.08,20.6,46.4,72.6,5.0,216.5,1.44,0.8,15.023912087912088,16.224703296703296,5.453274725274725,1.8024615384615383,0.6475604395604395,0.0356923076923076,normal player
31ad319f-e858-5e31-8250-aca3a76e602b,wetspaget,4044,21.8,70.3,7.8,134.8,0.88,24.4,51.4,70.9,-10.0,203.4,1.27,0.7,16.75205633802817,14.681577464788733,6.667521126760563,1.9763661971830984,0.7746197183098591,0.0289577464788732,normal player
96f5d847-d171-5785-b4c7-0f97fcff5dda,ttan,help,21.3,72.0,6.7,189.4,1.35,22.2,51.6,77.3,48.0,284.5,1.7,1.0,15.415500000000002,20.80125,5.385750000000001,2.58,0.903,0.0645,most likely smurf
