puuid,user,tag,hs_percent,body_percent,leg_percent,s_damage_per_round,s_kd_ratio,s_hs_percent,s_win_percent,s_wins,s_kast_percent,s_dd_round,s_kills,s_deaths,s_assists,s_acs,s_kad_ratio,s_kills_per_round,s_first_bloods,s_flawless_rounds,s_aces
29523a8c-e5b5-550e-b270-4168f22687d9,Zonlie,9684,,,,,,,,,,,,,,,,,,,
a6e20b27-a320-5932-8718-4c2a94c228f7,donkdonktime,donk,22,74,4,154.1,1.14,20.3,47.5,57,75.5,18,2106,1854,899,233.5,1.62,0.8,141,87,3
16ff3e54-11dd-5ed7-8625-592d2aa70435,philolins,philo,,,,,,,,,,,,,,,,,,,
3433a371-ceb6-5264-a5e3-8fe36a7f4b6a,Im Daniel,123,16.1,77,6.9,121.2,0.9,17.9,54.6,53,72.4,-13,1301,1443,701,184.2,1.39,0.6,109,103,0
52587dd0-c398-5ad9-a0df-abbbebcb588c,TTV Mister PK14,999,30,65.6,4,153,1.01,26.4,49.8,135,68.2,5,4599,4540,1251,234,1.29,0.8,892,199,9
4dee9946-b6f4-551e-94a1-5edc04451b75,hadoken,filo,17.8,69,13.2,145.7,0.94,19.9,49,124,68.8,-4,3956,4204,1251,222,1.24,0.8,774,178,6
1b5f3648-d317-5f92-b74d-f8bfb994b87c,PLUTOSKI,4039,,,,,,,,,,,,,,,,,,,
8f48b131-9992-50b3-84e1-283483961f49,toad,yahuo,,,,,,,,,,,,,,,,,,,
67fc4611-fa2c-5afd-934f-2cff624ecf8f,mcwingus,wingo,23.2,69.5,7.2,137,1.05,23.2,52.6,10,72.7,7,261,248,107,207.5,1.48,0.7,22,16,0
cc57b4d5-ad71-5384-8e68-b4bfb4575a1e,Tysonballer,pegE,32.4,62.5,5.1,140.7,1.04,31.5,54.2,13,66.9,-1,377,363,91,213.3,1.29,0.8,69,14,1
5b4b0f65-a0f8-5068-9f07-ae7b1231a750,mew,613,17.7,74.9,7.4,133.4,0.98,18,49.1,27,72.8,-7,775,792,238,204.7,1.28,0.7,79,37,1
858a528d-80da-5968-a4ee-7332b9294588,Kyoumi,きょうみ,,,,,,,,,,,,,,,,,,,
7fdcd1bf-c6ad-54a4-9ce1-7f72f282b4b1,Fishy,Bass,20.6,72.5,6.9,139.7,0.98,22.2,49.6,56,70.4,-4,1785,1813,682,211.1,1.36,0.7,208,79,1
3322d127-3c06-52c2-a00b-01a03eaa5ba4,Jonas,1401,,,,,,,,,,,,,,,,,,,
048154c3-9ad2-587d-9f68-a95f92c610b9,MilosCabinet,7410,31.3,62.5,6.2,137.7,0.97,26.1,50.6,159,68.8,-4,4789,4942,1378,211.5,1.25,0.7,947,230,7
d6687bfa-07d2-54bf-a3a7-3690beb0bdbb,QuoC,VGB,25.5,68,6.4,119,0.82,22.4,38.8,52,67.9,-23,1649,2010,832,180.2,1.23,0.6,169,78,2
ea6329be-0e1f-516e-9309-c97183d8b1e7,Minami,1958,,,,,,,,,,,,,,,,,,,
616a0d65-d100-56ff-a336-2ca920f087c7,porky,p4k,,,,,,,,,,,,,,,,,,,
a6c0b5f4-6839-5ef6-a220-74c005f91ea2,pugdawg13,7358,23.2,73.5,3.3,134.2,0.96,26.2,52.5,21,71.2,-2,575,602,230,197.6,1.34,0.7,49,42,0
62dce3e5-6d8b-5a3d-9518-51b76d149968,NamesKD,8972,26.2,68.8,4.6,131.1,0.89,25,42.5,31,62.8,-15,1089,1226,213,200,1.06,0.7,242,53,0
fc27708e-884d-58c1-9d19-74a68b204d0d,faisla,2718,,,,,,,,,,,,,,,,,,,
21ac22b5-7d5f-5a88-bec2-2d7d2a925751,香香软软小面包,qaq,24.9,69.3,5.8,134.9,0.9,24.1,40.7,11,70.9,-9,390,432,164,202.3,1.28,0.7,48,11,1
ce98ec56-1ed5-521a-80dd-d0c304e54da2,立志成为天才少女的第n天,erer,,,,,,,,,,,,,,,,,,,
b3e09705-5bff-57a0-84cb-2cc1dbad6c28,Tsiao,3508,21.5,72.8,5.7,131.4,1.01,22.7,51.4,18,73.3,1,540,533,270,200.5,1.52,0.7,52,23,1
bc13fa8d-cbab-5221-8c56-e3d73694538a,b0bal0ver,7969,,,,,,,,,,,,,,,,,,,
ad0cff7b-0c69-5958-8bff-03e87b2e1851,Guava Citrus Air,5046,,,,,,,,,,,,,,,,,,,
9a963dda-1fd2-5645-82b6-2b18be1f0bbb,chaewonsleftsock,feet,19.3,73.7,7,142.3,0.93,19.6,34.8,8,65.5,3,322,347,130,209,1.3,0.7,42,9,0
8842158f-0c64-59b4-a6dd-f47054d1fd05,betty wap,1738,,,,,,,,,,,,,,,,,,,
0062c810-8fd6-5c0f-87d2-201d21084607,UFA69,6969,32.4,64.1,3.5,172.3,1.21,32.4,53.8,7,73,27,267,221,44,266.5,1.41,1,42,9,0
f33aae9b-457f-5330-a1d2-40119d1aa9f4,Polarlights,3180,20.5,72.4,7,147.1,0.9,20.9,55.9,76,71.6,-5,2076,2296,978,216,1.33,0.7,315,105,4
716beaad-8cf9-513f-9119-fcd4386e2173,dantes lulu,4090,23.2,71.6,5.2,128.2,0.92,27.3,52.6,30,68.2,-14,790,856,252,193.7,1.22,0.7,92,42,0
7eba1e19-987e-5dfc-aea5-b69787e190a6,Komly ツ,12,23.7,70.1,6.2,138,0.86,23,53.1,26,65.9,-13,685,794,242,204.7,1.17,0.7,134,37,2
4a3baaa7-0966-5601-86e7-510ce50cf8bb,glorstonne,9728,16,72.7,11.2,124.8,0.82,16.8,45.2,57,68,-18,1625,1977,969,193.3,1.31,0.6,255,90,1
73abbb64-a08f-54e1-a930-75062b01f5db,lilypod,yurr,24.4,69.6,6,196.8,1.69,23.7,69.2,18,79.6,67,544,322,128,305,2.09,1.1,80,27,2
4c6a4d6e-109c-5c23-b8d1-2245fea8aabb,Syns,808,25.3,71.4,3.3,143.1,0.95,26.7,43.3,13,69.9,2,476,500,124,209.5,1.2,0.7,72,18,0
cac892e6-c9af-5210-a15c-0dc953022de0,Luv,3045,19.1,74.5,6.4,144.8,0.84,18.3,44,48,67.2,-16,1661,1987,594,216.8,1.13,0.7,277,79,2
63e0f0b1-7d47-56f7-b10a-375bea6aa55b,festive,jolly,25,67.9,7.1,168,1.2,27.3,44.4,36,73.3,28,1516,1265,450,254.7,1.55,0.9,198,74,3
bbf811f3-c667-53f8-ad44-5234ae88645d,adobo assailant,adobo,10.8,72.8,16.4,120.9,0.83,12.5,50.9,143,70.9,-14,3604,4329,1689,180,1.22,0.6,373,222,4
24c2cacc-e2bb-512a-b40f-48b612930647,Jeremy Lin,AZN,22.9,69.5,7.5,147.3,0.89,24.1,45.4,49,67.5,-12,1675,1887,504,226.5,1.15,0.7,393,67,3
eabc827b-863d-5f79-ab75-94b1e6640e08,LSPD,7585,,,,,,,,,,,,,,,,,,,
e9e724de-a6c3-5040-83c2-1346db79cdb1,code0515F1191,3549,29.2,66.1,4.8,149.6,1.08,31.9,51.2,62,72.2,13,1941,1791,800,222.1,1.53,0.8,213,94,2
0cde6fe9-ad62-5373-bcd1-72d7fb621388,william enjoyer,pengl,,,,,,,,,,,,,,,,,,,
044abb94-8448-5e1d-a9a6-a98d52827e00,iNDiGO,202,,,,,,,,,,,,,,,,,,,
8c5091b6-e563-57e2-80db-fb55aa834d43,WHO YOU CHALLIN,hello,36.1,57.1,6.8,147.6,1,38.1,37.1,33,67.5,1,1466,1465,309,222.4,1.21,0.8,261,68,4
59c58893-32b4-5f96-83ce-2d38303ea75d,IronaimIronmind,NA333,17.7,75.1,7.2,144.4,1.07,18.1,52.6,20,73.2,6,604,566,210,217.7,1.44,0.8,52,37,0
fd954059-58b2-5ae8-b5d3-ff1ac5520b6b,Spicysalsa,Sash,,,,,,,,,,,,,,,,,,,
b0e51a57-cfe0-5b70-84aa-8d25fe9a7aae,BasedGodMau,NA1,,,,,,,,,,,,,,,,,,,
a358eb56-37e2-50a5-83d1-19fa1e4fdf67,MzKz,NA1,14,74.9,11,143.2,0.98,16.7,49.6,65,67.9,-3,2029,2066,699,217.7,1.32,0.7,344,97,3
a3945972-3f76-574a-800a-416ebe60bc3c,meotras,0,16.8,72.4,10.8,108.8,0.75,18,39.5,32,68.4,-28,883,1179,512,162.6,1.18,0.5,74,51,1
d18a6eb6-e29f-510f-8b5e-ef50bef0c1d6,boxhot,710,21,73.4,5.6,142.4,1.01,22.4,42.4,14,67.5,-11,565,560,179,217.4,1.33,0.8,70,23,0
c3f5b1a0-cfcb-536c-ba7f-859eca30b04a,koreanbbq,sunoo,,,,,,,,,,,,,,,,,,,
2d46422b-58fe-56ba-99c7-2bcff5e1873d,hyunemoroll,soop,29.5,66.6,3.9,133.7,1.08,28.3,49.4,80,72.8,-1,2422,2248,958,205,1.5,0.7,235,118,5
d94257b1-3878-51d9-b3be-15f5a85533b9,OkSteeL,420,10.6,74.6,14.8,132,0.97,13,48.6,35,70.2,-5,1084,1118,345,203,1.28,0.7,103,50,0
79db6ce4-491f-5f62-b336-9e596fa78a00,Juice,845,,,,,,,,,,,,,,,,,,,
79b3b7e5-493f-5a5a-88bf-76dc9356017b,Impact,RAT,,,,,,,,,,,,,,,,,,,
8eff3db0-ea20-55a4-aec3-15a022fdb2d4,Limbo,2lucy,33.3,63.1,3.7,129.4,0.99,31.9,48.9,87,70.4,5,2475,2490,976,190,1.39,0.7,273,121,3
c97ef757-9f07-5348-8711-ad6fc5aafca3,ABG 2,cac,,,,,,,,,,,,,,,,,,,
fd2a9156-9374-5545-8da1-f2692de187d9,philip,na10,,,,,,,,,,,,,,,,,,,
f4a643d5-4e07-568b-bc64-e81b4be7eebf,Cofffers,1,,,,,,,,,,,,,,,,,,,
d2dc9e09-eb0a-5de0-a06e-15f97139dc1f,Saya,Soren,18.9,70.7,10.4,136.3,0.95,14.4,49.7,188,70.7,-8,5488,5798,2330,209,1.35,0.7,1049,278,5
e7f415c2-e312-5033-af60-7baf7669bd6c,Kvarat,1112,26.1,67.2,6.7,137,1.04,26,39.6,21,67.9,-2,812,783,226,213.1,1.33,0.7,100,26,2
f325c41c-92c0-5dda-88f5-8810005d8f9c,turtletimmy,2737,23.7,69.2,7.2,137.1,1.05,23.5,54.8,17,68.6,2,492,469,89,209.5,1.24,0.7,70,29,2
a3f9b8b6-b9ff-59d2-a4af-8f26eb2647f4,mocha,132,,,,,,,,,,,,,,,,,,,
64d4e910-23ab-5e50-a8da-224fe1d90f96,DarthNemesis25,0,25.2,69.8,5,157.8,1.12,24,50,59,71,16,1968,1762,501,243.6,1.4,0.8,323,90,6
c81a863d-dd3d-50a3-a315-fea0dfdb13f5,1990NISSAN240SX,noki,18.1,75.6,6.3,123.7,0.85,19.8,48.5,34,66.9,-18,899,1058,398,188.4,1.23,0.6,143,58,6
a39dbfd9-16b6-5eb4-b7e1-aae732402daf,Good Sumerian,geekd,31.7,64.9,3.4,146.6,1.06,26.4,49.3,70,70.1,11,2315,2186,655,223.3,1.36,0.8,371,121,7
0089fb11-7146-5300-aef0-7579984cc4b0,GothMommy,Viper,23.2,73,3.7,154.8,1,23.2,47.6,10,69.7,13,317,317,91,225.5,1.29,0.8,38,12,1
37e8eb58-545b-59e5-af37-fa0ad88db303,sinta,778,,,,,,,,,,,,,,,,,,,
5a4d86d8-01f8-5a37-bee7-d1b42b92bee7,XDestroyerX,HAKAI,,,,,,,,,,,,,,,,,,,
003535d4-c1bd-5b99-848c-92a680a415c9,TiredVex,Hope,32.8,64.1,3,170.8,1.15,32.1,37,20,70.8,18,1034,903,194,257.5,1.36,0.9,209,33,4
c0d73a9d-bb5e-5a67-a6d7-374e274e22c0,Mc13reezy,8482,12.9,75.1,11.9,143.3,1.05,14.2,44.4,16,73.8,4,548,521,242,220.2,1.52,0.8,43,23,1
7dc1196b-6cfb-51df-8077-3aebe376a668,miso,caleb,,,,,,,,,,,,,,,,,,,
8f55ca72-c60d-543d-85a4-40bc7e5c3f0b,HuTao,anime,17.8,74.9,7.3,130.2,0.84,17.5,44.8,56,66.6,-19,1645,1956,587,192.3,1.14,0.6,263,79,1
e0fefec1-62da-538e-bdd0-43168083447e,TiredHope,Vex,20.5,74.5,5.1,132.8,0.89,19.4,42.2,19,67,-13,633,711,185,197,1.15,0.7,62,22,3
4b2d30a6-83cf-5e35-8c63-86e53bad65b3,umi,11,,,,,,,,,,,,,,,,,,,
49b9be68-09ed-5dc3-a3ca-b2ef8116048a,hugepthefirst,hugep,,,,,,,,,,,,,,,,,,,
e97501fd-c74c-5ad8-888d-bf63c4868fbc,GuardVandal,8456,33.1,63.5,3.5,124.1,0.79,30.3,47.5,28,67,-22,759,957,292,185.7,1.1,0.6,136,37,0
5fb2fb1a-c012-5c19-9c5d-13c48890effe,mr dinkles,clums,22.7,73.5,3.8,129.3,0.98,19.4,46.3,62,71.8,-1,1882,1922,634,195,1.31,0.7,168,96,3
16a2349e-180a-5df5-b38b-508c82afd9ab,NoBrainAllCopium,5689,,,,,,,,,,,,,,,,,,,
8240eadf-278e-57b2-b9d7-6f867b48b9fc,cartoonmilk,pood,,,,,,,,,,,,,,,,,,,
bcf5cecb-985e-5453-8c28-864e9b9af42f,drxmamine,TØP,,,,,,,,,,,,,,,,,,,
ffd96b2b-6efb-5982-8cdb-a7a26b4b7319,tiffany tran,ucla,,,,,,,,,,,,,,,,,,,
06bab712-fd7f-57a8-9aed-d51c2d45ca1b,Vermont,3203,,,,,,,,,,,,,,,,,,,
d0aec28f-d9e1-5e86-9490-d1bba019bb44,DuckLego,3204,16.6,75.4,8,153.2,0.97,16.6,50,5,65.5,7,146,151,63,222.3,1.38,0.7,18,6,1
d22d009d-6f23-5501-aee2-f505cd9699d3,dumpster,9961,,,,,,,,,,,,,,,,,,,
3bb61d10-05d4-5226-8693-0ac9aeeac2ab,meow4heals,1111,,,,,,,,,,,,,,,,,,,
9212f70c-d7b0-5627-a9f3-cdc93503cf07,Panda,Ext,,,,,,,,,,,,,,,,,,,
2d0a8d49-b638-56d6-9e6d-baa807160c05,Chai Connoisseur,2000,26.9,69.9,3.2,154.4,1.06,26.3,51.4,18,71.6,9,598,564,192,231.8,1.4,0.8,92,24,0
6b125d2c-b21a-59bb-9b0a-a95e02c96093,wec1euyw907qtegc,AHAHH,27,64.5,8.5,115,0.8,25.5,44.4,20,67.5,-27,557,700,196,167,1.08,0.6,47,40,1
8315c1d6-6a7b-5300-ad1e-c0be2ee11a52,summers,yves,,,,,,,,,,,,,,,,,,,
052631f0-4362-5cf9-9408-7914d483b210,Yrubin,8464,,,,,,,,,,,,,,,,,,,
75d49652-01ea-5873-bb7d-3ed021318496,jia,idk,23.2,73.4,3.4,141.9,1.03,23.9,45.3,101,72.1,5,3427,3334,1091,210.5,1.36,0.7,387,159,4
461fcca7-3a89-5d4d-9c7e-abe7e6a8a249,ChickenNoodle,yummy,26.7,70.5,2.8,161,1.4,27.1,45.8,11,76.2,42,464,332,88,237.4,1.66,0.9,46,26,0
ba5bed3d-97e5-5b28-8aad-ed924a1c90ba,Meeee,77777,28,68.6,3.4,176.4,1.32,28.5,44.4,16,74.4,38,731,553,196,260.2,1.68,0.9,67,36,2
33d1818c-fa25-5258-916d-49366a2aeca2,HamSandwich,green,24.9,69.9,5.3,135.1,0.91,21.2,43.4,33,68.1,-10,1134,1253,351,200.1,1.19,0.7,137,56,2
aec7de39-163b-5959-8804-ad3893902905,Rin,cook,36.1,58.9,5,132,0.96,35.4,49.7,88,70.6,-7,2568,2686,709,196.9,1.22,0.7,212,129,6
e1b6b80f-c05a-57ad-9480-dd7553b9bfa4,µTorrent,1228,13.9,75.8,10.3,144.3,1,12.6,50.6,87,73,-1,2685,2680,1054,219.7,1.4,0.7,300,130,1
fd9a7d3d-cec0-5042-ac1a-9e71b6efb08d,Illitzelettes,WA2,11.2,74.9,13.9,113,0.77,12.3,53,97,69.5,-20,2126,2766,1200,166.4,1.2,0.5,189,143,2
845e6c21-a844-5741-acff-23f1977e1962,Aiyu,jelly,20.7,75.2,4.1,101.9,0.78,20.7,50,4,63.4,-28,87,112,55,160.1,1.27,0.5,5,5,0
1b55f9a1-883f-5a94-bb14-b5922466b877,maelu,puckl,17,75.8,7.2,161.4,1.34,17.3,47.2,25,77.4,37,986,734,324,256.1,1.78,0.9,128,41,4
29b8ceda-3118-50ed-87e7-31d6f36d0ea3,JENNIE,6ft2,35.1,60,4.9,156.2,1.21,31.7,54.8,46,71.9,22,1531,1262,383,237.5,1.52,0.9,198,61,4
34de3f05-0b5f-5b97-9baf-dfe27a5947d5,Tyxblaster,NA1,15.8,73.6,10.5,111.2,0.84,15.8,47.4,9,70.8,-26,238,285,133,167,1.3,0.6,19,19,0
71a3b942-92b5-5345-8d08-de041b413e46,coshi,NA8,,,,,,,,,,,,,,,,,,,
cbabd05c-f48e-5868-8a68-5c0f5940f8d1,demi,piss,,,,,,,,,,,,,,,,,,,
033eae2d-70fa-5f7e-bbe0-c8e34218dd5e,blackquak,vor,20.5,69.8,9.6,159.3,1.08,19.1,54.3,19,71.6,18,600,556,185,234.6,1.41,0.8,72,30,1
bbbca435-964f-51aa-8dd3-037b5bc834b4,bumster,5371,17.6,72.1,10.3,133,1.04,19.9,46.9,92,70.4,1,2843,2729,917,206.7,1.38,0.7,377,129,0
36796d8d-651e-5ea2-aaa3-ee9ce2c6ecf0,2025,125,,,,,,,,,,,,,,,,,,,
37ba80b3-d73b-5e08-875e-f8b712b3b3c0,2025,744,,,,,,,,,,,,,,,,,,,
26d08156-1b83-5696-ad9f-def68d348819,FLETCH,S13,,,,,,,,,,,,,,,,,,,
d318d4bd-5d26-5e38-b360-ed822c42c777,AntMann,6969,15.1,74.8,10.2,126.2,0.87,15.1,50,5,67.8,-16,139,160,54,193.2,1.21,0.7,21,12,0
81f9cb7c-3d20-5c64-8c9f-8a0b86d9552c,rika,721,25,71.7,3.3,132.8,1.01,23.4,52.9,63,75.7,3,1776,1750,686,197.7,1.41,0.7,89,93,0
c7efaa94-acf1-56a4-b49a-c59682f81087,Yogi,2642,13.1,76.9,10,135.8,0.93,16.2,51.2,132,70.8,-4,3822,4111,1878,210.5,1.39,0.7,685,193,1
eb8bba2d-f031-5035-afab-2edfdd256d92,Igris,KSH,20.3,73.9,5.8,123.6,0.9,20.9,46.9,61,70.7,-18,1827,2019,830,192.2,1.32,0.7,203,94,2
316925b7-adcc-5fd4-a353-e5193f5b2074,Mellow,Rainz,32.9,62.6,4.6,137.5,1.04,31.6,53.5,23,68.1,1,665,639,210,211.7,1.37,0.8,89,46,1
4b44e698-d6c4-58e4-b9a0-5a06c09d6f94,SSSS,FCG4,,,,,,,,,,,,,,,,,,,
8a33a6bc-53f6-5fdf-9726-cf689961af20,luna45,4545,,,,,,,,,,,,,,,,,,,
4e76fd54-f9be-57fe-acbf-ced900cf6771,Deal,Green,15.1,78.2,6.7,132.8,0.94,20.5,50.7,72,70,-6,2078,2207,729,203.1,1.27,0.7,276,106,1
479d5aba-2ea6-5720-bbde-d838b2d9d8d7,iluvroblox9184,ABB06,39.3,57.3,3.5,172.8,1.28,34.9,53.8,56,73,32,1969,1544,425,260.5,1.55,0.9,329,84,5
442e123e-96b8-526e-bc55-bb86611353c7,SAOKO,zzz,26,71.2,2.9,126.3,0.86,26.2,44,22,66.5,-18,697,806,195,190.8,1.11,0.7,110,33,1
80a0a67b-70d1-514f-b12e-1920029a1f6f,nasram,mari,22.1,69.8,8.1,107.9,0.61,18.9,27.4,23,60.8,-45,905,1475,380,156.4,0.87,0.5,125,49,0
d0724a6e-b70e-56f4-91de-826629dba530,TsundeDxD,Snrlx,11.7,76.6,11.7,137.3,1.01,10.3,44.7,59,70.7,5,1919,1907,712,210.3,1.38,0.7,292,102,2
5cdaa3c0-98c5-5d7c-819f-c7410a126f10,GroovyCFO,2048,,,,,,,,,,,,,,,,,,,
6243ea1e-55ba-506f-9611-b5beb69fc888,trader joes,930,24.6,69.8,5.7,123,0.97,24.7,52.1,37,70.5,-11,1002,1036,302,186.5,1.26,0.7,112,58,0
e0ddb0f6-19f1-5681-b24a-900a3c6a9220,jarvuh,1213,28.7,64.8,6.5,141.9,1.04,27.3,52.9,18,71,1,558,538,210,220.1,1.43,0.8,111,21,0
95387192-e06b-5874-9df9-ee4a5132ab57,Asura,Skies,,,,,,,,,,,,,,,,,,,
bde7074f-fb3e-5878-a238-dca3d4849449,GHOST,5858,NA,NA,NA,136.5,1.02,24,49.4,77,71.4,1,2409,2367,1026,214,1.45,0.7,241,93,0
8885787c-c6b5-506a-a72d-b24f38d55b76,obvihayl,hayl,,74.9,4.9,149,1.03,20,49.5,49,70.6,-8,1642,1589,477,227.6,1.33,0.8,183,72,4
36e3e0a7-6070-54fa-8877-d0901b863472,snoopy,997,20.5,74,5.5,141.6,1.06,22.2,51.5,69,73.8,5,2090,1969,820,215.9,1.48,0.8,200,102,3
708dd972-b841-5cd6-aad2-b996bb6e0cae,CoroCoroMew,Shiny,12.1,78.9,9,121.8,0.89,18.2,43.2,38,69.9,-11,1163,1300,437,188,1.23,0.7,132,72,1
37df17d3-3ec7-5b26-abf3-03155137ff71,Scrim,3260,,,,,,,,,,,,,,,,,,,
81fb26c6-6696-5e19-8fdb-78f7548a7ea1,Explicit,1001,14.3,78.4,7.3,143.9,0.88,12.4,52.4,22,72.6,-8,636,721,339,216.4,1.35,0.7,79,39,2
d0ff9037-cd3a-5e83-9b73-1a69d2b28e54,Wilson,9904,17.4,78,4.7,126.5,0.88,16,30.8,12,70.8,-12,532,603,271,193.5,1.33,0.7,32,29,0
25461fcd-6437-5149-83a2-532c4ee34406,tofu,mrow,24.2,73.2,2.7,146.6,0.88,24.8,46.2,30,68.2,-9,977,1115,370,216,1.21,0.7,197,36,0
f3b680f6-b496-5af2-9054-dba2a71de956,MellowYellow,MELON,20.8,71.4,7.8,129.9,0.84,21.9,45.4,59,69.7,-16,1867,2230,866,196.7,1.23,0.7,232,92,1
9124b1c0-99c9-5eb5-bcc3-9ffef051333e,JackalHeart,JACKL,25,68.4,6.6,167.1,1.08,27.3,54.1,33,71.4,19,1055,974,316,252.6,1.41,0.8,247,47,2
7a4db1c6-8c1c-5756-a6cb-3a16dafbccc1,honorary aryan,777,20,70.3,9.7,124.7,0.87,20,47.4,9,67.9,-20,272,314,96,188.4,1.17,0.7,46,10,0
fa28fbc6-42cd-5cc2-a88c-ab80fe328a30,kk1127,111,13.7,68.1,18.2,130.2,0.99,22.8,39,23,65.3,-3,731,736,257,202.4,1.34,0.7,106,46,8
4393f30f-bb5b-5d63-9e42-9d9ae9e9126a,ZapityZap,8008,19.8,74.7,5.5,134.7,0.94,19.2,44.6,79,5.5,-12,2634,2814,604,210.1,1.15,0.7,572,129,2
bfcb4bab-c2a4-5dcc-b89f-f3c48fa4efa2,nxvx,iris,,,,,,,,,,,,,,,,,,,
7108ebff-3443-5106-8448-1c47d982e26b,FIZIQS,BOSS,28.4,66.5,5.1,147.7,0.98,28.9,49.4,172,66.9,-4,5639,5759,1259,223.2,1.2,0.8,1051,257,12
f8163c6b-4b06-5e63-8241-8f34958b1bd7,bun,coco,,,,,,,,,,,,,,,,,,,
560d2415-f721-519f-aa06-35af924ba234,ovr,jenna,25.5,67.6,6.9,122,0.95,26.2,43.9,72,68.8,-22,2186,2557,840,182.5,1.18,0.6,264,115,4
b1e12790-47d8-531c-9bd1-6791187fb1ef,Bxmber,7,15.3,77.2,7.6,143.6,1.11,17.4,53.8,35,72.9,15,1015,915,292,215.3,1.43,0.8,136,43,1
c2b610fd-e49e-5c2b-9d79-c920c25b9ef3,YuryTheUrinator,1834,20.9,71,8.1,143.8,1.14,21.7,56.9,37,72.2,16,1063,931,458,222.4,1.63,0.8,137,60,1
e8147119-305e-59e3-861d-af2d5bfa9949,sung jinwoo,RXJG,26.7,69.7,3.5,116.5,0.86,27.2,27.3,6,61.9,-25,295,343,97,177.6,1.14,0.6,45,13,0
efdd86b8-c60a-5564-a711-248cd0077131,paintsniffer82,yesok,20.5,74.1,5.5,125.2,0.95,21.7,54.7,41,71,-7,1010,1062,348,189.7,1.28,0.7,114,54,2
5dc86b2e-34f4-5189-baf9-7ff4b78aa337,ImNotHim,914,15.7,79.7,4.6,123.3,0.88,18.8,41.5,34,69.5,-8,1099,1249,491,187.2,1.27,0.6,139,52,2
9f90c524-ce1d-54ac-ac66-86d6ee84a300,la flame,lit,,,,,,,,,,,,,,,,,,,
18204443-49cd-5ce3-961c-34c946fcd74c,GeGe TieTie,NA1,,,,,,,,,,,,,,,,,,,
471fd6c7-08f8-5d4d-8d90-b410e403203c,MeatManager,5050,19,73.6,7.4,134.2,0.98,18.8,44.7,42,69.9,1,1361,1388,489,200.8,1.333,0.7,172,66,1
d94d0491-7acc-56b3-b2a5-df86ec8ef28c,5StarRitualz,6380,,,,,,,,,,,,,,,,,,,
90ff08c7-2fd0-5886-8818-744ad7694af1,吴亦凡,god,,,,,,,,,,,,,,,,,,,
ff32828f-7b47-526b-bd49-db803c41dfc1,slamdunk23,98,26.2,69.3,4.5,138.6,0.92,24.9,55.4,36,67.8,-6,924,1003,311,206.4,1.23,0.7,171,56,2
2b58b8c4-b478-5eda-934d-f8056691e3e3,Raidism,6438,29,64.6,6.4,121.3,0.72,28.7,47.8,11,66.4,-34,272,379,126,178.9,1.05,0.6,33,13,0
56a9ac97-4c5a-5b78-af50-a85c31660425,PrDeath,Alt,29.4,65,5.6,148.9,1.18,29.4,33.3,3,69.5,12,152,129,38,224.4,1.47,0.8,9,9,1
5a2268e9-14ef-5511-b99f-24345f5b7560,jaggy,bag,23.2,72,4.7,145,1.18,23.6,45,18,75,23,603,512,264,216.8,1.69,0.8,42,23,0
3a959a41-afb9-5a62-94e7-1b42d76e0625,kairo,444,28.5,66.8,4.7,136.5,0.96,25.3,48.9,136,68.8,-6,4231,4410,1334,209.3,1.26,0.7,708,256,9
21ef8d09-1d3c-5383-8bb3-1b8a424d0e7c,Job application,adult,26.6,69.2,4.2,136.4,1.06,26.5,57.1,12,75.8,11,279,263,113,199.9,1.49,0.7,16,19,0
9192eb8c-f372-500a-81ec-1a6a43f91b89,WonDerZ,NA7,,77.8,6.9,136.8,1.05,16.2,51.4,18,73.3,17,492,468,201,199.2,1.48,0.7,35,25,2
2a728830-cc89-5b67-96b0-760fba149316,FNC Shinsu,Golf4,26,67.2,6.8,148.1,1.06,26.2,50.7,177,70,6,5899,5581,1679,227.6,1.36,0.8,734,210,10
cb3aae03-6dd2-5d2b-935b-f0784674c148,ClairoLover,zero,19.6,71.2,9.1,142.7,1.02,17.4,52,39,72.2,2,1183,1161,409,219,1.37,0.7,180,50,2
b6152663-852a-55c1-8746-e03034150e81,Sukhdeep Sidhu,singh,24.3,71.5,4.2,141.9,0.99,24.3,44.8,26,71.8,4,856,867,320,211.4,1.36,0.7,112,46,3
fb25f607-734d-5bdb-8b6a-24389fa3d385,dishwasher,slur,13.5,76.1,10.4,123.9,0.85,12.6,58.5,24,68.1,-10,531,626,269,183.5,1.28,0.6,77,36,2
990da477-9ccd-507e-86b1-f0dc3c245c39,Exp 션,Faker,27.6,67.4,4.9,166.2,1.2,26.2,54.8,131,72,24,4474,3718,1202,253.6,1.53,0.9,621,177,9
fb237c8a-54dc-5f94-ba2e-3568d1c4f62b,ttv closelymaple,scout,29.3,65.7,5,147.7,1.07,31.5,48.5,47,71.2,8,1574,1477,467,219.7,1.38,0.8,206,84,0
0b54e424-788d-52f9-96e1-667e4e75e6dc,jdot,jmon,41.6,54.7,3.7,137.4,0.94,37.1,50,129,64.8,-9,3988,4257,768,208.1,1.12,0.7,725,174,11
0f9237d4-c913-5fe2-8465-1115b8c81b76,Ibuprofriend,GOML,12.3,77.9,9.8,118.4,0.84,11.6,48.3,57,68.3,-26,1597,1891,684,187.7,1.21,0.6,208,79,2
c2633d86-99d8-530a-b6a4-26761c676b35,vevo,7979,37.1,57.6,5.4,167,1.14,34.3,49.7,85,70.2,23,3105,2732,632,247.7,1.37,0.9,578,144,4
a79b1016-9c37-57aa-a4b3-90a191680d10,PotatoOnTheFloor,6666,19,76.1,4.9,145.4,1.03,23.8,50.9,83,72.8,8,2652,2567,1000,218.5,1.42,0.8,320,128,4
53aa9b70-11c6-5e39-86ae-7903eb743518,Nouv,NA1,,,,,,,,,,,,,,,,,,,
06081cde-11c8-55e6-a2d0-4a7baa0ab78b,EVANGELI0N,NA1,18.1,73.1,8.8,107.2,0.68,18.1,33.3,3,66.1,-39,99,145,56,159.8,1.07,0.5,14,5,0
53721435-2a62-565b-a3a9-439a3f10e9c7,Lil T Mayne,gasss,30.6,63.7,5.7,131.2,0.91,28,45,98,70.8,-11,3147,3454,1252,199.6,1.27,0.7,426,164,3
6420993b-184b-5a19-b2f8-6d87218cb971,Eyevannn,SLIME,22.4,71.3,6.3,141,0.96,23.1,48.7,76,71.2,1,2428,2524,918,209,1.33,0.7,308,105,2
f4151d30-6845-5cd1-82df-997b8ecc899e,Brownbag9639,9789,14.2,75.4,10.4,126.9,0.99,15.6,49.5,48,72.1,-1,1370,1380,534,196.7,1.38,0.7,145,74,1
54b687fb-4ec3-5495-aff1-bca5a2b9e730,dan,dman,21.9,74.3,3.8,122.7,0.92,22.4,53.7,29,69.8,-10,735,800,285,186.6,1.27,0.6,64,40,0
8b6ef4d8-0b8a-58f0-8295-997cf27f2ad9,DrNefario,NA2,16.1,74.5,9.4,123.3,0.82,17.8,53.3,40,69.1,-27,1033,1264,395,185.7,1.13,0.6,109,57,1
d526284a-f329-5171-957a-630c778c8554,xDarkari,NA1,,,,,,,,,,,,,,,,,,,
3d3701f5-c4e3-56fb-87cd-eab65846b621,huh jar,wisp,27.9,68.4,3.7,147.5,1,27.2,47.8,22,72.2,1,748,750,269,226,1.36,0.8,120,34,1
09abb239-6667-50ce-acfd-23c567688bc5,draknexe,666,,,,,,,,,,,,,,,,,,,
196071a6-f568-577b-a44a-e16ff1085439,งˉｪˉง,bagel,26.7,68,5.3,139.5,0.99,28.3,38.8,26,70.6,2,1037,1043,324,206.2,1.3,0.7,112,49,2
1e099174-3324-5cbd-83ac-670c9d50f58c,Wahoo,comfy,,,,,,,,,,,,,,,,,,,
c7057509-3672-5356-a19a-a7fb94eb1839,charmanderシ,69,,,,,,,,,,,,,,,,,,,
765ab0c5-f7f3-5400-a048-79beccb2e28e,tensa,15,393.3,56.3,4.5,128.8,0.79,39.3,33.3,1,64.7,-19,42,53,13,182.4,1.04,0.6,8,2,0
89266a50-e870-5b82-a52e-19783554a86b,paulleewhirl,1,15,76.8,8.2,126.3,0.89,15,27.3,3,68.6,-1,149,168,66,186.5,1.28,0.6,18,6,1
0e736fee-e75b-5fd2-b21f-6463638e169d,DDs Discounts,Cheap,,,,,,,,,,,,,,,,,,,
3b3547b3-3f0b-5e60-aaec-23f47e8d3f56,kristine,831,33.2,63.7,3.1,143,1.12,31.7,48.4,31,73,16,1044,931,308,211.8,1.45,0.8,107,46,0
837f89d5-0bf7-57c0-9228-5c889925bae7,Tofoo,220,36.7,58.5,4.8,153.5,1.17,34.1,55,55,72,17,1721,1473,408,230.4,1.45,0.8,241,75,3
5d87c48f-4fc2-54eb-b557-4f0f7882042c,zerokilIs,0,35.5,61.8,2.7,153.7,1.17,34.8,46.4,39,72.2,13,1459,1252,305,230.6,1.41,0.8,200,60,4
b4f48d25-7c74-5f5b-88a5-b3cf919898ed,IIIIIIIIllllllll,CODE,23.2,71.6,5.2,121.8,0.9,22.5,45.8,11,69.2,-16,331,368,110,182.4,1.2,0.6,42,17,0
cb8238ad-9d69-5da3-afdd-54543fcc151b,naps,fatty,36.8,60.1,3.1,150.7,1.14,37.9,50,13,78,21,416,365,163,219.1,1.59,0.8,32,21,1
b190db73-2f88-52de-b42a-0c0daa85f982,Rental Catgirl,STLLA,14.8,77.7,7.6,135.5,0.9,16.9,54.9,28,66.7,-9,767,848,240,210.4,1.19,0.7,155,39,1
ae5cc25c-e28a-5e03-ba80-a27b13589d9d,betray,lies,22,70.3,7.8,129.5,1.05,20.2,56,42,74.9,1,1104,1052,472,199.7,1.5,0.7,76,45,0
ac4f2166-dd8e-548d-8331-5881016e44ac,sojuu,fps,32.3,64.2,3.4,141.7,1.08,20.6,46.4,182,72.6,5,6364,5893,2139,216.5,1.44,0.8,707,254,14
8e907128-7a9e-5f55-b599-1083f2a52940,KnownAsGrim,LONER,16.9,77.1,6,172.2,1,16.9,33.3,1,67.9,14,45,45,14,268.4,1.31,0.8,9,2,0
65bb6396-0bc5-5936-b95d-67542a67348e,marblewoman,1inNA,27.8,67.2,5,163.3,1.1,27.4,47.9,46,70.8,14,1743,1591,358,245.4,1.32,0.9,327,67,5
cf49329f-45d9-5b88-87a1-a4d2f7a34a15,pandagiiri,1738,,,,,,,,,,,,,,,,,,,
9d5da10c-c1fe-5150-ac89-5aab0466dc63,ßÏğȘpỏỗท,3314,,,,,,,,,,,,,,,,,,,
da5912d0-533d-5ede-a178-b6876e67e68d,acea,143,,,,,,,,,,,,,,,,,,,
cd1eecac-95ec-5dd7-a642-63f9fac7ce98,blueberry,627,,,,,,,,,,,,,,,,,,,
e0310c3a-7bda-552c-ab27-364377645d7e,jimbo0,0,,,,,,,,,,,,,,,,,,,
d635a50f-d2a8-5731-bce0-4e02a2a761fb,Remy the Rat,C690,,,,,,,,,,,,,,,,,,,
cc234f47-3157-5e3b-83d0-9dab8e67fb43,WARWAZ,NA1,,,,,,,,,,,,,,,,,,,
4b519ab4-5c5a-5fc1-867a-97e4239bcab1,snoopy,SWAG,29.7,65.1,5.2,150.5,1.03,29.6,44,33,69.4,-4,1248,1210,304,225.8,1.28,0.8,154,55,0
306364db-34bb-58af-817c-481eb6593bb5,Boombastix,7803,22.6,71.8,5.6,127.8,0.98,20.3,49.2,30,73.7,-7,861,881,485,195.1,1.53,0.7,67,44,2
41500786-a9b8-5ee5-ae06-3327d3692b7b,ma2ny,0,,,,,,,,,,,,,,,,,,,
861e4445-3aca-5233-8145-e0f8c7201070,Igris,ilyh,,,,,,,,,,,,,,,,,,,
55078c9f-088c-593e-b3d8-c729269dbcd0,2647264726472647,2647,,,,,,,,,,,,,,,,,,,
3ce994d2-f0c1-5331-878f-9e929f2dc3a9,FAZE Gabi,h8tr,18.7,72.8,8.5,127.7,0.83,19.9,49,24,62.5,-14,658,790,222,194.5,1.11,0.7,98,27,1
77b86e37-2292-5443-a924-64cfd4e4231e,STYX,JEK,,,,,,,,,,,,,,,,,,,
df15a75c-de4a-516d-ac57-4345d0793ac0,WKDS saturday,3710,27,68.3,4.8,152.1,0.99,24,50.6,86,67,-1,2823,2843,858,231.4,1.29,0.8,624,142,1
72b20e22-0107-5eb7-a983-eb02fc7ceb14,Hush,2677,25,68.8,6.3,113.3,0.75,25,100,1,61.1,-8,9,12,5,128.9,1.17,0.5,0,1,0
d087c64a-d010-56f4-a59d-51b02bcbd56a,ScrunklyDunckly,Silly,,,,,,,,,,,,,,,,,,,
d7ae75c3-be61-58fb-ab97-b32346df032a,coconut,16634,,,,,,,,,,,,,,,,,,,
27fbf383-ab1d-5f4e-b5fc-cff47dd6c991,SlowStrokeKing,DDG,16.5,75.7,7.8,136.8,0.85,18.6,49.5,51,68.1,-18,1493,1762,569,209.7,1.17,0.7,256,63,0
99ea65e2-27d9-5641-9702-c6427b7bcdff,vacant,143,19.7,73.7,6.6,143.7,1.1,20.5,50,33,71.4,14,1060,967,371,219.3,1.48,0.8,121,60,4
ae394e5d-ebc3-55ef-b66e-087aaceae6be,POOPYPRINCE,bdd,14.8,73.9,11.3,165.3,1.3,14.8,66.7,10,77.5,31,253,194,94,262.1,1.79,0.9,34,15,1
f85d677b-5e63-5932-a5f4-d048df9cc855,SwaggyP503,1815,30.5,66.1,3.4,165,1.16,27,53.1,77,71.6,23,2694,2318,612,247.3,1.43,0.9,415,114,5
6e2bf3bf-5e3f-5f36-b250-4762e968408e,exhaustin,DRFL,32.7,64.2,3.1,140.9,1.02,30.5,50.7,102,71,3,3252,3173,768,213.4,1.27,0.7,576,161,4
7db18d31-f101-53b0-be21-856f7500487f,Jeff Bloomberg,1,,,,,,,,,,,,,,,,,,,
56c3a19b-8778-5fb2-a246-e19118cc0203,FriedSoup,Sabaw,13.7,78.3,8,136.2,0.91,16.5,46.9,53,68,-10,1676,1838,596,207.4,1.24,0.7,256,81,1
0b24977a-2e0d-599e-8192-8a9b29ade0e1,lucki,119,29.6,66.7,3.6,149.9,1.06,30.4,50,20,73.7,9,658,618,234,222.1,1.44,0.8,51,32,0
b0296564-90f0-5893-9614-191115d3c92a,Zephan,777,19.9,74.3,5.8,135.1,0.99,20.3,50,30,71.3,2,915,924,346,204.2,1.36,0.7,88,33,1
9023bb7c-4634-5c3b-b133-cd1ec68bae4b,smyfe,MEEP,16.1,73.8,10.1,125.8,1,14.1,47.7,53,74.9,-2,1586,1580,991,200.6,1.63,0.7,203,97,2
5d199cc4-36e8-5184-bad5-5c172cfa7f54,Mochiii,egirl,27,68.4,4.6,151,1.07,28.4,58.6,133,71.8,6,3819,3580,1394,229.3,1.46,0.8,539,191,14
d96cfa8a-a687-54e2-a21b-0d7646097fde,pighost,42069,35.3,58.1,6.6,149.9,0.96,32.3,38,35,68.9,-2,1534,1595,390,225.7,1.21,0.8,253,51,3
d51107f5-a406-5919-8d89-ffd5c4b56d3f,ImmJayJ,NA1,29.4,66.9,3.6,155,1.06,31.4,58.8,20,68.5,17,582,549,140,238.2,1.32,0.8,136,32,0
6ccf159b-0d45-51c5-94ef-e43b0f1706e5,Fresh MrTimBit,4262,26.8,67,6.3,127.2,0.94,24.6,50.5,50,69.4,-14,1462,1562,654,193.1,1.35,0.7,131,84,2
577a13f6-e28c-5976-b26b-c903f87aee65,Twitter Kash1Val,QUICK,32.7,62.3,5,172.2,1.28,33.1,58.9,33,73.8,38,1056,827,212,253.2,1.53,0.9,156,54,0
13d9108f-3e1c-5eed-8b87-a9a9a90b9348,Mango,time,18.7,75.1,6.2,97.6,0.65,21.7,46.8,22,68.7,-36,476,727,338,143.2,1.12,0.5,27,34,0
610a938c-d460-5787-9394-a7b63b699bf7,Greenlazer,4444,29.9,63,7,145.5,1.04,26,56.4,44,72,7,1230,1182,378,221.7,1.36,0.8,236,75,0
4fd4570c-a36e-506e-97bd-11d47b1a1c94,Sarkastiks,Moose,13.6,78.6,7.8,133,0.86,13.7,46.9,38,70.6,-10,1147,1331,638,207.4,1.34,0.7,216,54,2
37c10916-8d9a-5dad-ac22-36fe06f61651,notarokya,kill,31.2,63.2,5.6,185.5,1.27,33.1,43.8,14,71.5,40,688,543,175,286.1,1.59,1,117,38,4
c34cabd3-25c3-5540-af28-fd502314c4a6,LEBRIIAN,hklv,26.4,66.6,7,146.4,0.99,29.2,50.9,87,70.6,1,2777,2801,786,218.2,1.27,0.8,322,132,6
a0dd3a60-0937-533c-aed9-9f2614529dd1,dee,9720,,,,,,,,,,,,,,,,,,,
a42da5c0-a628-578d-92a6-b9f5c8864182,MarkWestForever,NA1,16.9,78.5,4.6,148.1,0.99,20.2,51.5,51,68.6,1,1556,1572,480,220.5,1.3,0.7,170,64,3
d6ad1f4a-e25f-5474-bfee-5518cbc06fb5,okay,kaye,20.9,74.2,4.9,136.8,0.86,17.1,48.6,104,71.4,-12,3017,3489,1425,202,1.27,0.7,315,161,2
75335b45-a66d-5d84-90a6-3fceb6a4334e,GotJon,9971,38.8,57,4.2,127.4,0.98,39.7,43.9,18,73,-6,584,597,204,191.7,1.32,0.7,70,32,1
96f8e616-fb05-5d64-b967-90955e9bf69f,EatDat,2003,23.2,73,3.8,118,0.82,28,40,20,68.2,-23,653,795,230,172.1,1.11,0.6,73,36,0
387f432f-031b-5a9a-bbe0-9ccc3832dbe6,Ayuzou,bish,,,,,,,,,,,,,,,,,,,
5236332c-be9f-5bff-9b7c-98e3097f480c,tfwStarving,NA1,23.2,72.6,4.2,145.5,1.09,23.9,50.3,146,72.2,10,4834,4438,1501,221.7,1.43,0.8,671,233,11
5e7b20bf-225c-57cf-a345-21fa2b7891f8,exclose,7261,,,,,,,,,,,,,,,,,,,
5e2956e5-61e6-5362-a859-d03c0bbf84a7,Yskaelaa,fuji,24.6,69.7,5.8,157.9,1.1,26.8,60.7,17,73.3,16,462,420,135,236.7,1.42,0.8,69,30,2
daf89f71-b29d-5c1d-8eb2-8a1a5bce2947,usenas,37,,,,,,,,,,,,,,,,,,,
79609c68-886e-573e-87c5-5dc6edbbab79,Rainny,storm,29.9,65.9,4.2,132.9,0.92,29.6,43.6,24,70.9,-7,811,881,352,199.3,1.32,0.7,90,40,2
01277406-a6cc-5075-a634-301ef4471c66,Pilgore306,6736,9.2,75.1,15.7,105,0.82,8.9,49.5,45,69.6,-26,1060,1286,729,163.9,1.39,0.5,80,63,0
28c1129d-6d94-5bf4-bf24-90012d273086,Sườn Bì Chả,TQK,,,,,,,,,,,,,,,,,,,
fd27f4c2-3890-5711-a059-96f6333bc635,Radiantpeak 233,907,,,,,,,,,,,,,,,,,,,
8abdd7aa-f11e-5ee1-ae44-dfc18945c45c,josh,viet,,,,,,,,,,,,,,,,,,,
f82c5c49-2828-5997-9414-ca7902c43117,ntk,ToT,14.8,80,5.2,116.1,0.87,13.8,52.8,28,71.9,-18,688,787,275,175,1.22,0.6,26,43,0
96f5d847-d171-5785-b4c7-0f97fcff5dda,ttan,help,21.3,72,6.7,189.4,1.35,22.2,51.6,16,77.3,48,645,478,167,284.5,1.7,1,80,28,2
00fa7ac5-2c63-54d4-8713-98029fc3a685,reaperdragon2012,8935,22.7,72.9,4.5,152.8,1.02,24.1,54.5,12,72.6,2,355,348,163,233.2,1.49,0.8,46,10,1
3848f80b-589d-5fd0-b846-36018774cd30,yourleftbigtoe,feet,,,,,,,,,,,,,,,,,,,
88339ef2-e4fe-57cc-8eed-73798a2c22e0,dlwlrma,ayem,24.4,67.2,8.4,129.7,0.93,24.9,48.2,66,68.5,-9,1987,2137,552,191.4,1.19,0.7,198,108,4
42ad8dcb-8649-5584-b365-6e8606d9bea3,Miss her,daisy,28.3,67.4,4.2,136.5,0.91,31.9,49.5,49,67.3,-13,1482,1631,465,207.7,1.19,0.7,232,71,2
76364de6-f694-53b3-91b9-3ad450475a67,I miss her,WGQG,21.7,72.9,5.3,145.3,0.99,21.3,50,16,69.2,-3,500,506,139,220.9,1.26,0.8,90,11,0
44b75c0b-ad8a-5906-9adb-2f23034e9468,Ryame,9103,21.8,72.3,5.9,141.1,0.96,19.7,45.6,36,71.1,-1,1227,1282,493,217,1.34,0.7,167,67,2
99c170fd-de6e-5aec-907f-da87babbcf95,Ibam,Halal,,,,,,,,,,,,,,,,,,,
c3b16d22-6053-5ea0-a543-0c41adcd900d,criminal,boy,12.6,78.6,8.8,132.5,0.84,14.5,43.9,29,67.3,-19,9775,1158,351,207.3,1.15,0.7,175,42,0
514f1cfb-c1a0-5fbb-b402-de57e01ebedb,eMACszn,611,20,75.2,4.7,110.2,0.8,18.9,49.4,38,67.2,-26,956,1192,510,168.3,1.23,0.6,899,57,0
525bbe22-b657-5568-b4fe-ad34d64a8275,nhbv,8595,,,,,,,,,,,,,,,,,,,
5c0f6e73-ebfa-5b17-95e4-6edd5dd83cfe,kai,pasta,28.7,64.3,7,158.7,1.23,29.2,45.4,74,72.6,26,3024,2458,850,240.9,1.58,0.8,402,155,4
a36e9b42-5933-52f0-9563-2193a0eadaed,oppaheimer,1295,,,,,,,,,,,,,,,,,,,
b2080179-be20-5d44-9f69-4be763a0396d,PapiSlick,7224,22.5,72,5.5,151.1.,1.08,20.3,47.1,233,70.3,9,8240,7642,2283,229.5,1.38,0.8,1544,386,6
472cb5d6-8379-5289-8204-d04b288ddd64,Fatpiggo,Simp,,,,,,,,,,,,,,,,,,,
9f74e8ee-8fda-5ad8-b5a7-3e5d006d6a5c,ChuchuLovelyMuni,AAAAA,,,,,,,,,,,,,,,,,,,
16aa44aa-310d-5ace-a8cf-47fb8bcc427c,hyuga,momoi,21,71.2,7.7,119.2,0.78,21.2,46.2,12,65.7,-29,321,410,142,185.7,1.13,0.6,49,11,0
b588e930-7792-511d-9c69-becc5b92f2af,Ziproo YG,GGG,18.9,75.7,5.4,148.3,1.05,21.2,42.7,35,71.8,6,1365,1303,475,225.6,1.41,0.8,220,53,2
9a4cddb1-7a13-5c2a-be0b-6d76e4fb6b78,palms,9999,25.3,69.5,5.1,149.1,1.03,25.9,50.4,60,71.9,7,1931,1866,600,222,1.36,0.8,256,104,6
c105cf2b-c1b9-594e-9ce2-60ecf7a223ba,ZmjjKK乾,EDGup,27,67.9,5.1,141.3,0.95,29.2,46.2,55,68.6,1,1821,1916,663,207.8,1.3,0.7,228,95,4
497dc2fe-d9e6-58f2-970b-fd314c6b4f40,misft,1,19,75,5.9,145.9,1.1,17.1,55.2,48,73.4,14,1361,1232,521,222.6,1.53,0.8,164,69,3
18f5b2c8-c6a0-507f-a6e0-3cebb2c3c436,DarkLava88,3770,23.5,71.6,4.9,158.4,1.09,23.3,41,16,70.6,18,669,616,164,235.1,1.35,0.8,112,36,1
d376b7d2-af29-5523-95ef-510add3f161d,Jasssssson,NA1,29.6,65,5.4,166.2,1.339,34.1,67.9,36,75,38,1038,749,229,253.5,1.69,0.9,145,56,2
09f84753-6c31-5838-9040-e464d0422e4d,Ajin,599,38.4,59.5,2.1,147.3,1.07,36.7,42.5,17,68.1,7,613,575,144,223.5,1.32,0.8,87,27,4
19369082-910b-55c0-87e6-6bc24a23276a,CBT,Kenma,27.3,68.6,4,148.4,1.15,29.2,49.7,79,73.1,15,2625,2282,831,223.8,1.51,0.8,245,103,5
2afbd166-1cf2-5940-91d4-864cdc2166d9,wingwong,4224,31.2,64.1,4.7,140.5,1.05,31.5,55.8,77,72.1,5,2143,2050,635,213,1.36,0.7,284,107,3
08087ae3-b873-5131-bfbb-734859fb44df,wizy,him,28.8,66.7,4.5,154.5,0.97,28.5,53.2,134,70.6,-5,4124,4245,1457,232.5,1.31,0.8,625,161,16
93190745-ace0-5bde-bf7a-cced1ec4f6ae,Caezeah,727,,,,,,,,,,,,,,,,,,,
4c0ccce6-ebca-5fc3-8c23-c037e9aec3a1,Ovrborred,2551,26.5,66.5,6.9,121.8,0.9,28.6,47,71,70,-6,2040,2264,820,182.6,1.26,0.6,213,98,0
2afa51af-7c8e-5d64-990d-120c3243d771,DrJYeung,피어나,32.4,62.9,3.7,148,1.08,33.4,41.9,39,70.2,11,1540,1423,379,222.9,1.35,0.8,183,71,3
fd4e80bf-c643-5f09-b7e9-b9940d2b81e9,Arasaka,cybr,,,,,,,,,,,,,,,,,,,
004fdf13-0186-53b7-b76c-8adb4dfc0213,IM A GUMMY BEAR,scoob,,,,,,,,,,,,,,,,,,,
3ff4a01d-f40f-5d67-a671-22b3e2d5b61e,Bulgogi,1090,21.5,71.5,7,143.4,1.04,20.1,34.6,9,71.5,17,387,372,118,209.7,1.36,0.7,38,21,0
23e82000-8daf-5b62-9f0a-a28261907308,yom,bom,27.2,68,4.7,179.99,1.46,27.2,41.7,5,73.8,46,240,164,43,274.3,1.73,1,34,8,1
33d55be6-beb9-5609-8167-b0a0c740f4bb,toobiedoobie,toob,32.6,61.8,5.6,149.2,1.08,36.7,54.2,32,69.7,9,923,853,207,228.9,1.32,0.8,172,46,0
f0ba7533-33f9-5a24-8043-d859bd5d5e4f,poningcheetah,5738,20.6,72.2,7.2,129.7,0.82,22.9,48.9,23,64.1,-21,688,840,200,197.9,1.06,0.7,144,38,2
bf852be8-1aff-537c-8c22-31cb66cb2e8b,radioboy on ig,0,30.4,63.3,6.3,140.8,1.02,31.5,47.7,73,72.1,-1,2420,2369,737,211.8,1.33,0.8,224,106,7
8fbed017-38cf-5df6-88a9-a3c9bddcee64,Gwim,idwin,35.4,59.8,4.8,151,1.17,31.3,49.8,117,70.7,10,4088,3509,1143,230.5,1.49,0.8,503,187,6
d2ac2470-7613-5ab7-be03-68b492736479,HERR,LOVE,24.4,71.1,4.5,158.3,1.11,22.2,50.6,119,72.3,19,4027,3625,1162,237.9,1.43,0.8,684,197,5
1b14d596-d344-5f95-b027-d87009e77c3b,volcom78990,4567,31.8,65,3.2,157.7,1.12,29.3,52.8,65,75.5,16,2124,1900,583,239.9,1.42,0.8,281,91,5
eda73afa-c20d-505c-9328-aa03a5685d1b,Mira,916,21.6,72.7,5.7,111.7,0.73,23,46.9,75,67.9,-30,1897,2608,1029,166,1.12,0.6,231,123,2
61061573-d61c-53b0-b1cb-0dfeb8868525,Micralet,8019,47.6,50.2,2.2,165.3,1.29,47.8,53.3,16,73.5,26,572,444,137,248.6,1.6,0.9,85,29,1
42d0b044-bdf8-56e4-94c3-4feb5c8121ab,Ponyboy,9941,,,,,,,,,,,,,,,,,,,
a87609d7-5310-59a0-b07b-b88ddd3813bd,tloyf,Anya,28.1,66.3,5.7,172.4,1.22,25.7,52.5,63,73.9,27,2285,1870,611,260.4,1.55,0.9,244,88,12
75cf7525-f900-51f3-b5d3-393dbcbebaaa,BOOST,hotti,27,68.9,4.1,170.7,1.2,24.4,49.3,73,72.5,26,2729,2280,672,251.4,1.49,0.9,376,118,8
1c877a04-4d5f-5521-a202-858609546ff8,tungtungsahurdih,dih,26.6,68.5,4.9,185.5,1.39,26.6,69.2,9,72.3,49,250,180,73,278.5,1.79,1,35,9,1
a7501ee1-e513-564b-88b9-5beb7238d212,Whoresetta,Noob,,,,,,,,,,,,,,,,,,,
ebb236ba-f1eb-5569-9b52-9c9f40253a7d,JpNava,NA1,19.9,72.1,8,125.4,0.87,18.6,43.8,28,67,-15,863,990,329,195.9,1.2,0.7,132,42,1
6908cf16-72c1-5ca0-9b61-91eec68f8891,rip,7883,22.2,71.9,5.8,149.3,1.07,24.6,51.7,74,71.6,0,2332,2186,686,228.4,1.38,0.8,348,122,5
31ad319f-e858-5e31-8250-aca3a76e602b,wetspaget,4044,21.8,70.3,7.8,134.8,0.88,24.4,51.4,71,70.9,-10,2028,2314,921,203.4,1.27,0.7,273,107,4
e5042434-c354-5bed-ae74-c8dd70630c16,Arrcchhyy,Booty,21,74.1,4.9,119.4,0.96,15.9,53.4,78,71.8,-3,1885,1963,761,180.9,1.35,0.6,154,116,6
2d362a4e-a83e-5893-8cad-b27e27668c15,LunarNight,7050,24.2,71.2,4.5,134.9,1.01,23.5,55.3,68,71.6,4,1785,1770,609,202.2,1.35,0.7,211,90,2
b0f351e3-05c7-5aaa-afb3-470a4deaab60,Ni Ma Sao B B,SaoB,17,72.3,10.8,140.8,0.92,16.6,57.1,20,70.3,3,478,521,184,200.3,1.27,0.7,67,21,0
8e983f51-6361-59b3-aebe-7d9c7d158da3,UBC CangLX,7679,,,,,,,,,,,,,,,,,,,
45e8ac23-db0d-5090-b230-ad7d889309dc,mayafuni,doggo,29.4,66.9,3.6,148.3,1.24,32.3,56.7,17,75.9,24,508,410,129,223.9,1.55,0.8,63,15,1
75d04237-7d25-5e8d-bead-bfe37143478a,Swannybird,2242,17.9,73.3,8.8,140,0.99,18.6,57.3,43,72.7,-4,1168,1175,494,216.9,1.41,0.7,146,64,0
da214ffb-dab9-5b7d-a9a4-f53a0a0ed997,diglet,322,84.9,14,1.1,136.5,1.23,82.1,49.4,89,71.9,13,2995,2443,449,205.3,1.41,0.8,156,138,5
869e4ff0-c8cb-5bca-b0a2-a1461c7397a2,BungalaBih,5209,,,,,,,,,,,,,,,,,,,
1879114d-1a7c-5771-9997-45cd8320e932,天生邪恶的宇智波小鬼ツ,313,19.9,75.6,4.5,139.6,0.98,19.7,55,38,72.8,3,795,815,318,202.4,1.37,0.7,84,67,2
2924a3cb-5166-5031-a358-a11ae10094db,Gringle,PABLO,39.8,54.7,5.5,166.2,1.24,38.3,54.3,25,75.4,30,869,703,240,253.2,1.58,0.9,117,32,2
61bc33e2-b45a-5ab3-a54e-61395524d2df,Otay Loy,8088,,,,,,,,,,,,,,,,,,,
9dcb6962-9d62-5813-a3e4-fde9c3016378,Eric Cartman,G59,10.7,78.2,11.1,164.1,1.28,10.7,50,2,78.5,18,73,57,18,256.3,1.6,0.9,4,1,0
5e6d30e3-1098-5726-a6ae-12136bfe3af2,adapt,812,36.2,59.2,4.5,151.9,1.06,31.1,50.4,68,67.4,9,2233,2106,508,229,1.3,0.8,376,97,6
dcaa43fe-0d77-5d6a-8d6c-d4314b3a3132,shinji2,1208,30.4,64.5,5.1,150,0.97,30.4,20,2,60.5,-4,148,153,35,223.3,1.2,0.8,25,5,0
5d4266f6-b453-5a74-aa9f-b540cd41b4d1,Fishel Price,42069,10.4,78.4,11.2,139.8,0.89,10.4,50,1,66,-6,31,35,12,197.5,1.23,0.7,9,0,0
8a2bea22-c7f0-5978-9600-6996b5a19aba,CHIPPIEchipz,1204,,,,,,,,,,,,,,,,,,,
7db7f036-51c5-5117-a5ed-d1f8073cab00,Mandoe17,2009,,,,,,,,,,,,,,,,,,,
e0b07f67-11d9-5184-8db3-a90877e5590b,Reaper,G882,,,,,,,,,,,,,,,,,,,
37234b11-c26b-53ac-a0d4-f376fdd7c3a1,Steven,7990,,,,,,,,,,,,,,,,,,,
025d7e35-306e-582e-8c88-ee654720a29a,Rakina08,AWSM,,,,,,,,,,,,,,,,,,,
94e4748f-835b-52b1-ae24-b31fecde7a1f,halasko2,Kode,,,,,,,,,,,,,,,,,,,
82e8a64b-bd82-5f25-9049-d1c51fd41077,vandy,goat,12,80,7.9,147.7,0.99,14.8,48.4,74,72.3,4,2299,2312,884,222.6,1.38,0.8,253,127,4
45c8bc01-3707-5a85-9f19-69bb29c90a84,enthalpy,oasis,20.3,76.8,2.9,152.4,1.2,20.3,66.7,4,78.5,30,96,80,43,224.2,1.74,0.8,12,5,0
11056deb-362d-50aa-8c11-a718192d4964,Ryxalt,RYXIN,29.3,66.3,4.3,165.1,1.11,29.3,61.5,8,72.8,14,239,216,60,249.1,1.38,0.9,32,8,1
bffb1728-a136-582d-b67e-c2a814157446,CyncO,55555,,,,,,,,,,,,,,,,,,,
a2e68f42-7b38-5a13-852f-c93260a4e12a,ALTR1UM,Vlad,29.5,66.6,3.9,144.3,1.17,28.4,52.9,38,73,18,1195,1025,314,217.2,1.47,0.8,159,54,1
c6eaa2d6-f5fd-5cef-a807-4a7cbac5cf04,YE KING,520,12.3,79.1,8.6,132.7,1.04,14,36.5,50,71.8,7,1265,1219,471,204.5,1.42,0.7,193,87,2
488f4e40-ccd6-5752-b583-17f6bc492aec,zetter,welp,18.1,74.7,7.2,147,1.07,21.8,48.1,99,73.1,13,3335,3126,1402,223.3,1.52,0.8,423,135,5
50da6a44-7d64-5da0-81cd-7a01f14c9706,Seishin,pook,24.8,68.5,6.7,124.6,0.87,24.1,43.1,56,71.2,-22,1830,2110,644,186.5,1.17,0.7,223,71,0
e1e255b9-e9bd-51b6-96fa-b72e8420eaf3,forntitefan2008,5774,15.7,77.8,6.6,143.1,1.02,15.3,50,11,72.2,7,335,329,135,213.6,1.43,0.7,50,12,1
bad8df1f-8feb-553f-8e85-cfa74a005b43,Azure,SKYY,12.1,75.8,12.1,121,0.82,12.7,35.2,19,69.1,-12,644,782,307,179.4,1.22,0.6,66,35,0
d18c80e5-3808-5122-bb23-06aa070a1eef,IRS,777,24.4,69.5,6,108.8,0.78,26.8,42,36,66.5,-26,975,1257,349,159.5,1.05,0.6,58,61,0
84889466-2f57-566c-a1d0-622523a0fd68,geto,moke,21.7,70.9,7.3,170,1.39,22.2,58.6,17,75.7,38,549,395,162,255.8,1.8,0.9,60,17,0
11aa48fd-44da-5265-8e38-560fe3890501,Justalad101,2291,26.3,68.3,5.5,143.3,1.09,23.4,47.4,74,71.6,7,2424,2229,596,213.2,1.35,0.8,211,105,2
250dd965-019d-57ba-8d40-91b1ebb5bc60,misoluvr21,rawr,,,,,,,,,,,,,,,,,,,
d086eaa3-f830-5e90-a3a6-47366bda4391,Vonsonn,NA1,17.2,77.1,5.7,143.1,1.07,16.5,52.2,97,73.8,13,2792,2614,1106,213.3,1.49,0.7,294,132,4
49adb269-3b06-55e0-a182-b2da90725cf9,kaylasbf,1024,,,,,,,,,,,,,,,,,,,
424d6cad-cff2-5d4e-96e5-6ba2a60e150d,Ｓｕｍ ｔｉｎｇ ｗｏｎｇ,2143,16.7%,77.3%,6.0%,169.5,1.44,15.3%,60.0%,36,77.5%,44,"1,162",806,349,264.1,1.87,0.9,132,49,4
56a4860b-40f9-5cfb-bf04-6cbd3508afe4,ItchyFinger42,upit,30.8%,63.0%,6.2%,151.7,1.01,32.3%,38.8%,19,67.7%,4,785,775,216,231.5,1.29,0.8,138,36,6
8ba58323-71bb-57b1-a16f-8ac3a14a2a2f,October,xxxxx,,,,,,,,,,,,,,,,,,,
ddd05d96-5b3e-542d-bc28-9eeeb3198fab,FartWrld,1023,22.8%,72.8%,4.4%,122.2,0.82,22.4%,48.6%,69,67.7%,-22,"1,818","2,230",692,184.0,1.13,0.6,315,110,3
5c20b251-e834-524d-b8f5-2f5bb9ef4784,Snowz,SNZ,34.8%,61.4%,3.8%,159.7,1.13,30.7%,50.8%,99,72.9%,21,"3,420","3,028",894,235.2,1.42,0.8,361,137,11
7d22d61b-aefb-543a-b20c-8055222a8b4f,Furhaw,NA1,11.8%,72.4%,15.8%,115.9,0.77,11.0%,52.6%,103,71.4%,-22,"2,463","3,212","1,705",182.2,1.30,0.6,325,150,0
5c0d7166-2178-55df-a16d-8750316663ad,Kip,cuh,26.9%,65.9%,7.1%,148.6,1.03,25.0%,49.4%,42,70.7%,11,"1,311","1,271",448,219.9,1.38,0.8,181,73,1
eac9347a-6c3e-5037-a773-e603ed476657,beastlysushi,9656,13.3%,79.5%,7.2%,136.6,0.89,14.6%,50.0%,26,70.0%,-20,794,895,382,211.8,1.31,0.7,86,40,3
18fe0aa6-1236-522d-869a-4da753cd74ad,thatdrunkguy5455,5608,12.5%,80.0%,7.5%,143.3,0.93,14.1%,45.5%,35,67.5%,-11,"1,200","1,292",400,220.2,1.24,0.7,205,59,0
e976e790-6453-5a3f-b17f-644a77da4d95,Throatbaby14,1397,,,,,,,,,,,,,,,,,,,
58963ab1-5699-5f94-9ea0-46c623154e84,d3rka,tofu,31.3%,64.7%,3.9%,135.3,1.01,31.2%,45.5%,15,70.7%,1,492,488,193,203.8,1.40,0.7,48,26,2
5b85ee1e-fd7b-5068-b024-8c1dbfa71800,Isagi Yoichi,Joe,18.0%,76.6%,5.4%,141.9,0.92,17.9%,41.4%,12,66.0%,-3,450,491,138,213.4,1.20,0.7,84,25,2
12a4cf4d-16ce-5f44-8052-a413010dc103,MoistRaccon,5711,18.6%,72.4%,9.0%,159.1,1.01,15.3%,49.0%,121,69.4%,4,"4,271","4,242","1,400",247.4,1.34,0.8,811,161,17
34967d7a-3ba5-5cac-a4a4-be8ec4b9b24f,beanie,143,29.0%,63.1%,7.8%,135.7,0.99,25.7%,42.9%,21,71.7%,-8,754,761,331,212.8,1.43,0.7,86,42,1
59b84b2e-a8f5-5faa-9c40-749fdc519d9e,Harbinger,Doom,,,,,,,,,,,,,,,,,,,
2156d9db-e03f-589b-8a05-3d4d232346d2,nikoyy,0210,18.8%,75.0%,6.3%,137.8,1.00,19.4%,49.2%,60,71.8%,-3,"1,815","1,821",746,215.7,1.41,0.7,226,107,4
457e6e4b-835a-51f8-95b5-1954186280ac,needboyhole,asap,,,,,,,,,,,,,,,,,,,
23b02c3d-c040-5750-8677-7a9cc95bbeaf,kballe00,NA1,,,,,,,,,,,,,,,,,,,
489b9afd-73b1-557c-a707-16057f935db6,touchme,IN098,,,,,,,,,,,,,,,,,,,
de98603b-6c02-579d-a3a6-36363037d335,droy,5555,25.3%,68.3%,6.4%,141.6,0.96,23.2%,50.4%,58,71.4%,-0,"1,756","1,830",612,213.9,1.29,0.7,204,76,2
b87efdbc-1373-5d03-946a-2b49aea94581,JIMcarried,123,,,,,,,,,,,,,,,,,,,
1b4b9ae8-0713-5851-a494-004da22399df,JMBoy,rice,21.2%,71.8%,7.0%,127.7,0.91,20.9%,43.5%,80,68.4%,-17,"2,676","2,948",918,198.9,1.22,0.7,341,119,3
e2831ab3-d8d2-599e-9951-592e891da9da,vali,chmnk,27.4%,68.6%,4.0%,136.7,0.93,31.5%,50.0%,61,70.0%,-3,"1,828","1,967",739,203.0,1.31,0.7,257,95,3
1e3055c4-4df1-5e98-b5bd-9512b21ef727,Bread Pitt,CHAE,33.2%,62.1%,4.7%,155.6,1.14,31.7%,62.9%,61,72.5%,21,"1,653","1,449",567,229.3,1.53,0.8,145,68,6
8cd0f0d4-fbb4-5bc2-92c6-a3ac4767e81f,tomie,0101,18.0%,78.6%,3.5%,123.1,0.92,18.7%,61.5%,16,70.3%,-6,345,374,130,182.1,1.27,0.6,29,19,0
1c58dbfb-5c05-5905-8af3-8e41a5086770,vivi,5548,,,,,,,,,,,,,,,,,,,
2ba1bd29-0761-5123-8765-090379acf243,kushy,8152,23.0%,70.7%,6.3%,137.7,1.02,21.8%,57.3%,90,70.0%,1,"2,345","2,299",763,208.6,1.35,0.7,387,123,6
28637963-27c1-5e4d-9309-67ade2e1b469,jamjammie,erm,24.3%,70.6%,5.1%,123.8,0.96,25.1%,59.1%,26,73.7%,-14,597,625,311,186.3,1.45,0.7,44,43,0
4afa7f67-351a-59a0-ab80-77985d429586,phrogchamp,erm,20.3%,74.7%,5.0%,144.2,1.04,19.6%,48.6%,17,76.9%,0,545,523,193,220.3,1.41,0.8,77,29,0
4598dae0-506c-5c41-9c74-3940df72b7e2,romel,3393,26.6%,69.2%,4.2%,128.3,0.90,25.7%,50.0%,16,68.5%,-4,429,476,139,186.6,1.19,0.6,43,28,0
d3aab4bc-545b-5ad4-82dc-e25f7d553298,smokeybear6969,7711,18.0%,73.0%,9.0%,130.2,0.91,17.1%,52.6%,81,67.6%,-29,"2,163","2,379",846,202.1,1.26,0.7,353,107,6
558ef7fa-96f7-519e-b15a-67d016decafa,WaterToucher,NA1,24.8%,71.3%,4.0%,137.1,0.97,28.1%,52.4%,33,67.3%,-2,952,981,279,208.0,1.25,0.7,173,42,1
40f16b1e-ad13-5df7-80f6-3bc851b5846b,Flowwww,NA1,,,,,,,,,,,,,,,,,,,
a6d7b3bd-7d4f-571c-8035-8659fd5eb2cc,Malo,823,28.0%,66.6%,5.3%,150.3,0.94,28.0%,40.0%,6,71.4%,1,244,260,80,221.6,1.25,0.8,36,10,0
9e1c92b5-f707-5aef-b02f-50f465ec1796,Hakuna,cheb,14.7%,76.3%,9.1%,162.0,1.17,15.9%,46.2%,24,73.5%,16,952,816,286,256.3,1.52,0.9,176,37,5
642b87b3-5551-58d9-8984-c71b4cbecf22,sabrosita,yjms,,,,,,,,,,,,,,,,,,,
814863f6-fb0b-5e5f-ad76-e529232fde99,vampi,lmao,23.0%,71.9%,5.1%,140.0,1.00,23.0%,57.1%,8,68.3%,-9,220,219,60,212.2,1.28,0.7,40,7,0
03699b80-6deb-55b1-934d-c2af658ed9bf,Navi,,,,,,,,,,,,,,,,,,,,
985b4721-a6ed-5ebb-9e50-cde6691452b9,Peter Parker,Jojo,25.6%,69.1%,5.3%,143.2,1.05,24.4%,54.4%,31,71.8%,3,886,842,221,214.0,1.31,0.8,115,42,1
4f4bb2b2-0cde-5769-8e93-a240a2ee4a79,BoneThug,8747,18.9%,74.3%,6.8%,115.8,0.79,19.4%,51.2%,86,72.1%,-36,"2,147","2,722","1,207",179.2,1.23,0.6,183,118,1
b498d1ce-87bb-5577-82bb-f69a82ced52d,z0ey,2222,,,,,,,,,,,,,,,,,,,
422e515a-3854-5419-b916-e86c6fbb3754,Bizarre,1144,11.4%,75.7%,12.9%,142.4,1.08,11.1%,44.4%,20,72.7%,4,736,681,237,223.8,1.43,0.8,65,31,2
3227b9d3-a132-5e29-b303-c6191739e26f,Light Yagami,NA 1,25.3%,70.1%,4.6%,135.8,0.94,23.5%,39.2%,31,68.4%,-4,"1,183","1,265",426,203.8,1.27,0.7,126,43,1
a22ea4f9-9f8a-5614-a495-f0d19764c657,Service Rig 02,2559,37.1%,60.2%,2.8%,128.3,0.91,32.1%,48.1%,90,71.8%,-12,"2,669","2,918","1,235",192.0,1.34,0.7,233,135,1
53f11f46-5d68-53c7-a2de-d696f6acdd49,DraculaFlow2,6969,16.9%,73.4%,9.6%,137.5,0.92,15.9%,42.3%,30,69.3%,-2,"1,006","1,092",415,207.8,1.30,0.7,146,42,1
0023945c-c31c-51b5-a806-47bd7d02b787,Pancake,6852,18.5%,76.3%,5.3%,167.0,1.25,26.9%,60.0%,51,73.7%,26,"1,627","1,297",430,253.3,1.59,0.9,218,72,5
2a779813-083c-5991-a444-9bffe86d7f67,Collzn,Goob,22.1%,72.4%,5.5%,146.2,1.09,25.4%,57.4%,66,70.8%,8,"1,922","1,757",495,221.4,1.38,0.8,215,86,3
9f2ed591-2ed3-579c-b47c-4f67dd83e4dc,She Her,Slayy,21.5%,71.6%,6.8%,161.2,1.16,24.4%,45.3%,78,72.1%,22,"3,122","2,695",722,242.5,1.43,0.9,427,135,6
c470db10-7548-5ca6-a7d2-c1804f5ebd52,Arise,9797,25.7%,67.3%,7.0%,129.0,0.93,26.5%,46.4%,13,66.2%,-15,398,429,105,192.3,1.17,0.7,61,22,1
6d15746d-f147-5d12-a000-bbb80fd73ec9,LionBoss300,2376,28.4%,66.3%,5.4%,143.3,1.08,28.4%,52.9%,9,70.9%,12,280,260,98,218.0,1.45,0.7,34,17,0
a857d2c2-220e-5300-a677-fe85b2d03bb1,GlitterFingers,4832,17.9%,75.2%,6.9%,134.5,0.89,17.5%,54.0%,47,69.2%,-15,"1,256","1,419",504,203.3,1.24,0.7,137,71,0
259b66af-5216-553f-b6bf-901a817ade13,sharpy42,ilyt,22.5%,72.4%,5.0%,158.3,1.15,24.2%,47.2%,58,69.5%,12,"2,163","1,879",476,240.7,1.40,0.9,340,87,3
88600285-52a1-543b-bff6-2c816918e623,portent,meow,23.8%,70.5%,5.6%,134.8,1.02,24.5%,50.0%,12,70.3%,-3,384,376,136,208.8,1.38,0.7,41,24,1
f2e20f25-b022-56ec-a3fb-d60789c51f73,JerkableJeff11,oily,29.0%,64.8%,6.1%,134.6,1.01,27.7%,58.3%,21,69.5%,4,495,488,228,201.1,1.48,0.7,53,26,0
2752e7ad-b61e-50d7-806f-50716aac0740,DragonLover22,4573,17.5%,73.2%,9.3%,152.6,1.50,17.5%,77.8%,7,82.2%,35,144,96,56,242.2,2.08,0.9,9,9,2
bde5956c-1f21-50ac-87a2-202564c58c5f,Realitymian,NA1,20.4%,74.6%,5.0%,148.3,1.07,22.2%,52.6%,40,72.0%,9,"1,241","1,157",412,221.1,1.43,0.8,172,73,2
63388f0c-5e22-5aa7-9d75-2c59b39a89b5,Snow,Pms,23.7%,71.4%,4.9%,176.7,1.37,23.7%,61.9%,13,78.0%,37,427,311,94,272.8,1.68,1.0,45,22,3
be4b9765-7111-5804-9532-b91c2e90ebd4,Nacht,4173,23.4%,70.9%,5.7%,166.1,1.15,24.2%,47.5%,133,72.9%,18,"5,139","4,467","1,560",248.2,1.50,0.9,565,208,7
20185190-51af-5b0f-8bc3-521917ffa3f4,daygo,42069,31.9%,64.2%,3.9%,187.3,1.38,31.1%,49.6%,65,74.3%,49,"2,712","1,964",548,282.4,1.66,1.0,415,97,6
d59e8e86-f1a5-5bfe-b0ca-784954449f64,diegos sugarbaby,51042,13.4%,75.7%,10.9%,104.9,0.65,14.1%,50.0%,58,65.5%,-41,"1,251","1,933",791,157.5,1.06,0.5,170,83,0
53ee65cf-6159-5ae2-9d09-80f704302b57,ToyRoy,2050,19.5%,76.4%,4.0%,153.4,1.11,18.7%,48.6%,51,72.2%,16,"1,794","1,614",421,230.7,1.37,0.8,247,75,4
5c37eaf9-ed76-5f49-965f-985f665dabc7,001,major,47.2%,48.6%,4.2%,240.6,1.88,50.3%,57.9%,33,78.1%,88,"1,489",794,161,368.8,2.08,1.3,256,52,12
17596571-75cb-572b-8963-c31060c1589d,yunanya,xxx,,,,,,,,,,,,,,,,,,,
e4ce8d01-4bc8-5782-bdc8-cb6e64e98554,CxxchieScout,4891,19.6%,73.4%,7.0%,134.6,0.99,19.7%,54.5%,61,72.5%,-6,"1,639","1,655",587,202.1,1.35,0.7,215,89,1
8c087fcb-54e1-52ba-b02a-7a58c0ad1018,Ripple,0089,34.4%,58.3%,7.3%,142.7,1.02,32.0%,48.6%,18,70.0%,-1,580,567,158,217.2,1.30,0.8,90,24,1
44e5a911-74e8-5e75-962d-4b66d6ec595c,loserbag,ily,30.1%,67.3%,2.7%,114.2,0.87,29.7%,46.0%,23,71.7%,-21,646,740,386,176.6,1.39,0.6,61,39,2
86df9ac3-7c6b-51cd-83cc-398a0c14b644,stephen,bui,15.6%,76.1%,8.3%,128.4,0.97,14.4%,58.5%,79,72.8%,-5,"1,925","1,979",756,194.9,1.35,0.7,150,106,2
e62d8b15-2af0-5493-a382-747d18a0f5b0,INFINITE VOID,123,17.9%,77.2%,4.9%,160.4,1.09,18.0%,57.1%,32,71.2%,12,981,897,292,246.3,1.42,0.8,186,39,1
6b7a920f-4364-55eb-bc94-4f4b8afa42e7,Boberobber,9333,25.2%,69.7%,5.1%,135.7,0.99,26.9%,47.9%,46,70.9%,-4,"1,455","1,473",541,204.7,1.36,0.7,180,71,4
3ce36729-48c8-5447-9e94-0a56f6378239,OFFPenguin,0324,23.4%,71.1%,5.4%,132.6,0.83,23.4%,35.7%,5,66.3%,-17,197,238,55,189.2,1.06,0.7,41,5,0
fea0e615-708b-5f6c-a87a-fd5a15ebd708,Risu,yyzq,27.6%,67.8%,4.6%,148.3,1.07,26.6%,47.6%,88,72.9%,8,"2,991","2,807",993,224.0,1.42,0.8,351,143,4
ed718ba4-f25b-5be6-9624-5004258fdd81,Jisoo,2579,21.4%,72.0%,6.6%,115.4,0.84,20.7%,44.0%,11,68.1%,-19,299,355,138,172.6,1.23,0.6,39,25,0
cc42a60d-b352-58e1-ab2a-b9154ddc2393,Tile Clicker,heads,25.9%,71.5%,2.5%,147.4,1.03,25.9%,50.0%,3,73.0%,2,89,86,20,222.2,1.27,0.8,16,5,0
edf30b46-17c7-554d-894c-dce6d93c8e31,BustaNutTimmy,987,23.7%,71.2%,5.1%,144.4,0.99,23.7%,47.1%,8,70.3%,5,264,266,70,214.0,1.26,0.7,35,9,1
8bebf40c-5c2e-5ebb-9242-37bccab2a7c8,SambarDaddy,2681,38.5%,58.5%,2.9%,150.4,0.98,38.5%,40.0%,2,61.9%,6,85,87,17,234.4,1.17,0.8,17,1,0
7e0585b4-7b9a-51a5-a233-3dd66cac9a7b,A5tr0,NFF,24.2%,71.3%,4.5%,144.4,1.02,27.5%,54.5%,145,73.7%,5,"4,295","4,194","1,305",214.8,1.34,0.8,446,213,3
8a5b1773-d619-579f-8f40-b2a32e7cdd05,Yukinontaso,Shizu,30.5%,65.6%,3.9%,174.0,1.24,27.8%,52.0%,77,74.8%,32,"2,795","2,260",791,260.2,1.59,0.9,405,130,3
aa7cbd9d-2192-5286-a25e-b8f8f8d258cc,logunj,0414,29.1%,64.3%,6.7%,138.9,1.00,25.9%,50.6%,44,73.3%,6,"1,292","1,289",559,206.4,1.44,0.7,129,78,1
328f27aa-cd0a-563b-81f7-4294aabff7b5,Seraphimnoob,NA1,29.2%,66.3%,4.5%,172.0,1.21,29.5%,53.9%,55,72.5%,28,"1,899","1,575",451,259.9,1.49,0.9,333,87,5
136bfd0a-19f8-5db1-b9fa-6855ca8a5053,net metering,solar,19.9%,73.4%,6.7%,145.3,1.09,19.8%,37.5%,15,71.6%,13,669,613,240,218.4,1.48,0.8,81,34,0
09276411-b332-57da-ad78-83e503fd5f6c,x2c,doc,,,,,,,,,,,,,,,,,,,
93c877c0-5a06-5314-a80e-9475e623a4a2,SmashCrash,5959,15.4%,78.2%,6.4%,136.6,0.83,14.5%,53.6%,37,71.9%,-20,"1,001","1,207",529,208.4,1.27,0.7,118,56,1
1c0562f6-8778-5e6e-8aef-876a234516f1,llPriddyll,0422,23.5%,68.7%,7.8%,152.9,0.98,27.2%,46.8%,37,67.0%,-1,"1,295","1,320",412,231.3,1.29,0.8,277,63,7
fb5548ff-4314-52f7-9068-83289ff4c8c0,SnazzyTuxedo,5633,19.0%,72.4%,8.6%,125.1,0.97,19.0%,58.8%,10,77.7%,2,209,216,143,186.9,1.63,0.6,20,12,0
718a9cf0-0006-51c9-b957-2b5322d3418f,Youtube Thosty,Thost,33.9%,61.1%,5.0%,135.3,0.95,32.0%,48.5%,32,67.0%,-5,"1,016","1,070",307,210.1,1.24,0.7,179,33,0
9b826e5d-18da-580a-a63d-be498aff2d0e,bdawg james,brndn,29.3%,67.1%,3.6%,154.2,1.12,27.8%,53.9%,48,73.0%,19,"1,495","1,334",493,228.1,1.49,0.8,198,76,1
39680f32-dbf5-5647-9b6b-7bae30611280,TempZ,jello,23.4%,70.8%,5.8%,140.1,0.97,25.6%,54.0%,27,70.9%,-4,778,804,263,207.1,1.29,0.7,108,28,1
272ff244-dcf6-59f7-bdaa-ef533dd04280,RelaxSamurai,shush,,,,,,,,,,,,,,,,,,,
52c02387-91cd-5644-be46-4a714779869a,bliss,4107,16.8%,76.7%,6.5%,125.7,0.91,17.5%,53.0%,132,72.2%,-6,"3,380","3,722","1,807",189.4,1.39,0.6,350,215,2
aeab6e84-ed03-5734-a6b7-21ee76ab3b00,jcart,track,23.6%,71.1%,5.3%,197.0,1.43,22.1%,55.7%,54,77.2%,56,"2,085","1,462",586,303.0,1.83,1.0,362,81,10
5445cb99-01ae-5b40-89f9-7e0922a33bd2,关你peace,1314,24.7%,70.0%,5.3%,154.0,1.10,26.5%,45.8%,97,71.7%,8,"3,620","3,296","1,122",232.7,1.44,0.8,433,160,6
6a8eb6cb-dd06-5f0e-8698-bea6c71b315f,Kayleywashere,Jaesu,33.0%,63.5%,3.5%,165.5,1.30,26.7%,57.5%,65,73.2%,28,"2,102","1,615",492,254.7,1.61,0.9,288,93,8
1689321b-66c5-550e-8cc5-0027648caa7e,TacoMuncher2000,2217,,,,,,,,,,,,,,,,,,,
030b6c72-d014-52b4-bead-b820c9186189,ParraCL,7405,14.7%,76.5%,8.8%,126.5,0.83,14.7%,50.0%,8,66.1%,-19,225,271,85,193.5,1.14,0.6,41,6,0
d51b88a7-b72e-585a-88e8-c9d1048acb9c,bird1,1234,24.6%,70.7%,4.7%,160.3,1.07,28.5%,49.0%,101,70.9%,15,"3,406","3,178",870,232.8,1.35,0.8,524,159,11
8fbba82f-34d3-5309-84cd-ae0eac15fd37,Alpaca,4333,,,,,,,,,,,,,,,,,,,
647e92d1-f9a6-58c5-9d9f-c6b86d476c07,HoneyJelly,ballz,27.2%,67.5%,5.3%,180.8,1.33,29.2%,53.3%,24,74.4%,39,913,686,192,278.2,1.61,1.0,137,37,3
d73fbdfc-27bc-54b0-9d9c-f09b29dde26a,RYS savior,314,38.9%,58.1%,2.9%,145.6,1.06,38.8%,52.0%,115,70.7%,4,"3,574","3,386",868,216.5,1.31,0.8,453,172,10
877e54da-86bb-54b4-aad1-ac7fd432b2b1,G2 Trent,LOL,29.4%,66.4%,4.3%,155.0,1.10,29.3%,48.4%,210,71.2%,17,"7,480","6,787","1,894",231.8,1.38,0.8,"1,043",318,11
238bc9f4-abbb-51a8-89d9-6cb5d69a4f27,Killua,999J,30.0%,66.3%,3.7%,159.5,1.20,30.6%,53.7%,44,70.2%,15,"1,520","1,265",262,244.2,1.41,0.9,233,80,1
d88206f6-63ea-5d5a-86fd-260836b71bbf,I Love NIKI,TACWM,32.2%,62.9%,5.0%,163.4,1.15,30.9%,41.9%,13,75.9%,23,537,465,165,240.8,1.51,0.8,51,19,2
1086a2ca-e4d4-5802-b899-7391bd7a4b40,pocari,mark,,,,,,,,,,,,,,,,,,,
6bc62bef-3564-5943-a0f1-8b4c66814f27,L1ght,4905,28.5%,65.4%,6.1%,147.6,1.07,24.9%,45.7%,43,71.7%,10,"1,569","1,473",512,221.6,1.41,0.8,174,81,0
ecd7d369-19b6-5fb4-97fe-3ffe395934d8,Bánh Mỳ,H2O,35.5%,59.1%,5.4%,143.4,0.98,33.3%,47.0%,31,70.7%,7,998,"1,020",306,211.5,1.28,0.7,139,65,0
b8059c11-885d-587c-8a6a-9ff0827c0a0e,YEEZUS,MEOWW,,,,,,,,,,,,,,,,,,,
651f8774-6ff0-5b50-90c7-9c8dbad20703,DoomanXD,9868,,,,,,,,,,,,,,,,,,,
a9ce9312-5f6b-500b-bffc-00b31ff0c8ce,Kk1z,0203,25.3%,70.0%,4.7%,142.2,0.99,25.3%,77.8%,7,72.6%,5,132,134,42,214.7,1.30,0.7,15,3,0
2049c523-6c6a-5207-8bfc-8d814f2623dd,Phaser,6097,39.4%,56.9%,3.7%,144.3,1.06,40.3%,52.9%,18,73.8%,9,560,529,213,217.2,1.46,0.8,85,30,1
325240ba-2c94-5e47-b06f-019232d2cc0d,Orphan Monkey,8702,29.0%,66.5%,4.5%,166.9,1.16,28.0%,40.0%,24,67.7%,16,"1,151",993,213,262.0,1.37,0.9,204,39,9
3778548b-10f2-5e98-b410-4c16c125b1d3,Neferpitou,19982,34.2%,60.5%,5.3%,147.0,1.04,35.4%,51.5%,169,68.7%,2,"5,512","5,288","1,406",226.4,1.31,0.8,"1,006",252,12
57d338d4-e524-53b8-bf41-398f97551696,cat,bleh,29.2%,67.5%,3.3%,130.1,0.81,29.0%,58.3%,14,76.3%,-25,339,420,177,191.1,1.23,0.6,26,12,0
04be9810-93e3-570c-b7ea-85a91fa34acf,Luminous,1324,27.4%,67.2%,5.4%,138.6,1.06,29.4%,44.5%,73,72.7%,7,"2,510","2,378",907,209.3,1.44,0.7,264,131,3
660904e2-e87a-55f8-9af2-6c9e56801389,haterscarlett,smoke,35.5%,57.6%,6.9%,121.8,0.86,35.3%,66.7%,22,67.4%,-18,445,515,149,181.7,1.15,0.6,55,22,0
f8196194-fe35-5ebc-aa7c-6bca96ce88e2,Wallow,whale,34.5%,60.4%,5.2%,143.8,1.09,33.8%,49.9%,184,72.2%,5,"5,899","5,428","1,966",217.2,1.45,0.8,638,254,12
4ce1816d-19bc-54b4-9728-14c95cf87154,Nitsworthy,3466,31.0%,64.4%,4.6%,151.6,1.16,30.9%,51.6%,47,73.8%,26,"1,470","1,266",522,222.9,1.57,0.8,142,62,4
e4449238-b982-57b2-96f9-95a3c4a54278,Matcha Mochi,MXP,22.6%,69.9%,7.5%,126.6,0.87,21.9%,45.7%,43,70.2%,-11,"1,263","1,447",667,189.1,1.33,0.6,143,79,2
11c41a9f-0674-5cf2-9322-9d579a26a889,Wob,idk,29.6%,64.4%,6.0%,133.8,1.02,28.3%,44.1%,45,71.7%,0,"1,501","1,471",481,203.8,1.35,0.7,239,70,2
d5d147ff-0f26-594d-951c-d1593b5a7c2f,C9 CRAYON EATER,11111,40.7%,55.8%,3.5%,172.1,1.39,37.9%,70.3%,71,78.3%,46,"2,026","1,456",567,257.9,1.78,0.9,226,76,5
6a11d0e6-d462-5fda-a1e5-aa305473a683,yumechii,9846,22.9%,72.6%,4.5%,158.6,1.14,22.4%,50.0%,74,74.1%,18,"2,573","2,266",773,242.4,1.48,0.8,289,91,5
654f2b49-deb3-5538-8d3b-15b6d2140d80,Dyl Pickle,Alone,,,,0.0,0.76,0.0%,2.1%,1,0.0%,0,478,627,72,"3,135.6",0.88,10.2,4,0,0
a9368b81-c379-56ad-96b0-d9d5e5031d6b,kimmothy,faded,40.9%,54.7%,4.4%,163.5,1.12,35.1%,52.3%,46,68.5%,11,"1,609","1,435",358,248.8,1.37,0.9,291,60,3
c640b75c-fb8a-52b0-b02d-2675c66977cc,C9 UBER GOONER,XITER,30.0%,65.5%,4.6%,153.9,1.14,29.3%,59.9%,91,76.3%,21,"2,609","2,292","1,056",230.7,1.60,0.8,259,128,6
0a4b375d-3458-51ff-9402-829b1435de96,Yosenju,1554,31.0%,64.6%,4.5%,149.0,1.05,30.3%,55.1%,134,72.0%,10,"3,954","3,752","1,429",221.3,1.43,0.8,417,182,10
c3782bcc-7e32-5cee-8a90-67d5438c9b23,deathmaster4000,3383,,,,,,,,,,,,,,,,,,,
84f63f0d-928b-5fc0-9ddf-3d4cb27c23bc,Rtz,1234,21.7%,71.7%,6.5%,127.3,0.95,21.9%,47.1%,33,72.7%,-3,980,"1,035",469,191.0,1.40,0.7,113,61,0
2dbe8017-6f1c-5a62-9be8-223c0b33f318,DrippieBluee,8129,15.5%,76.5%,8.0%,171.5,1.23,15.4%,58.9%,43,73.6%,39,"1,243","1,009",369,252.8,1.60,0.8,206,63,2
8cd5cb9d-c8ce-5374-9b80-ca3882bf496f,DatDudeee,NA1,24.9%,69.9%,5.2%,160.6,1.14,24.5%,50.0%,39,71.6%,19,"1,402","1,230",431,245.0,1.49,0.9,208,68,4
5f7d522a-562e-545f-aaa0-d837939314f0,WinyTree,5908,,,,,,,,,,,,,,,,,,,
6cd7979c-ef08-517b-a0ef-7c0e6d3f527f,Worker17,6669,14.5%,74.8%,10.7%,117.8,0.85,10.9%,50.6%,86,70.8%,-16,"2,083","2,448","1,030",178.5,1.27,0.6,215,143,1
f9dafe17-d1bf-5e04-9826-5d81442241fc,slimezeyslimezey,S2S2,32.4%,64.0%,3.6%,152.6,0.98,31.9%,60.4%,32,72.8%,-5,899,916,286,235.2,1.29,0.8,152,37,2
4fce446f-4c78-5d90-bb40-6518b86f4ced,Crimo,ggz,28.6%,66.5%,4.9%,158.4,1.14,26.9%,48.9%,23,67.8%,18,855,752,136,245.7,1.32,0.9,151,42,0
b64499d5-2541-5a67-b3ba-f8e65f1b6cc7,obietheus,ttv,,,,0.0,1.02,0.0%,1.3%,1,0.0%,0,"1,480","1,458",258,"5,869.9",1.19,18.7,2,0,0
01a1557e-b4b6-5f77-aa75-bf01939175ce,Dar1us,pig,25.4%,69.2%,5.4%,137.1,1.14,25.0%,47.4%,18,70.9%,5,571,503,108,207.0,1.35,0.8,55,20,1
304b87cb-86e3-566f-bd47-19679411dcf4,DaP,8678,26.2%,67.5%,6.3%,154.7,1.18,25.5%,49.2%,31,71.9%,21,"1,098",929,310,234.3,1.52,0.8,103,52,3
948b9870-24da-5aee-835b-6cac67af50da,MonkeyThugger,pmo,35.0%,62.1%,2.9%,134.0,0.96,33.6%,52.2%,72,69.9%,-10,"2,119","2,203",602,204.4,1.24,0.7,259,94,6
da1542bd-6ac4-5a30-892f-ff29323b7cab,UglyBashtard,7556,30.7%,62.0%,7.3%,161.1,1.14,30.7%,54.5%,6,73.2%,23,198,174,52,242.7,1.44,0.8,23,9,0
d99dd669-80f8-5bda-8006-5c34a641c97d,H2S04,11117,9.7%,76.5%,13.8%,113.0,0.79,9.2%,41.7%,10,63.6%,-26,287,362,142,175.8,1.19,0.6,43,13,0
8ce3d804-cee1-5fa9-9541-a7f2bfaecde3,trenten,hoon,,,,,,,,,,,,,,,,,,,
2e81f8e8-d86e-57cb-b0c1-60b67d944f93,KOKILL,NA1,,,,,,,,,,,,,,,,,,,
0f65bb35-48d0-5083-b7f3-1b1e9fff2004,Unknown8,0001,14.4%,79.4%,6.2%,151.9,1.04,14.0%,57.1%,12,72.2%,6,353,339,107,233.6,1.36,0.8,50,12,0
82519b93-3277-5c0b-a0c9-63bbb8fd0d96,ellebear,9792,32.7%,63.8%,3.5%,167.1,1.27,35.6%,77.8%,21,73.2%,28,507,399,130,252.9,1.60,0.9,84,31,1
859eb9c2-1b2d-58b4-9509-708cf3135769,LOCALPLANBSUPPLY,planb,,,,,,,,,,,,,,,,,,,
2a3a2a27-c344-5d98-8a41-302ad73eb71f,Rohvyn,1990,,,,,,,,,,,,,,,,,,,
72449f77-55e0-5c8c-aa2e-f38a1565e216,shadowpuggers,8038,,,,,,,,,,,,,,,,,,,
b0be934e-ee38-523e-87e9-0120133f978f,Ghostedkid,21346,,,,,,,,,,,,,,,,,,,
5962fe20-10fe-5a25-a414-69b72ae90229,jdubMAD1,3603,15.1%,76.9%,7.9%,118.3,0.83,13.7%,52.1%,25,68.4%,-13,585,706,184,173.7,1.09,0.6,58,29,1
e27a2acd-5fca-53b3-bc6f-4ca918ff8a70,ava,3435,22.8%,72.1%,5.1%,150.7,1.02,22.8%,63.6%,7,76.0%,4,164,160,82,218.7,1.54,0.7,16,11,0
cc087e74-75c7-5397-9507-cdc1af8b4874,MarshmallowSamy,spoky,26.1%,68.7%,5.2%,117.9,0.72,26.1%,53.3%,8,62.9%,-38,179,250,64,179.2,0.97,0.6,24,9,0
585053fc-1e0c-58e7-8c46-e2259ecc6715,ZeniMori,LvHer,41.6%,55.2%,3.2%,151.8,1.10,39.9%,52.1%,100,70.6%,10,"3,257","2,952",717,230.4,1.35,0.8,464,152,4
ff042635-087e-5033-8d72-6cb51cd1e6ef,Eclipse,72823,31.5%,62.9%,5.6%,120.0,0.87,31.9%,48.0%,12,64.2%,-14,306,351,119,176.5,1.21,0.6,45,19,3
15ef8085-57a3-5abc-a5cb-be4802838ccc,123d321,111,,,,,,,,,,,,,,,,,,,
4cd391ab-0363-5d0d-9ec2-fbff5b942c3a,Shirosaurus Rex,13580,,,,,,,,,,,,,,,,,,,
26b32d63-b22b-5749-98bd-3ad7e33cfc53,102170057,1575,20.1%,73.3%,6.6%,115.5,0.75,18.3%,47.2%,25,63.9%,-29,618,829,251,172.4,1.05,0.6,105,31,2
1894097c-a8c6-5010-910f-631dbb4e7a64,V3nus,1312,18.2%,75.9%,5.9%,139.2,1.08,18.0%,56.2%,18,75.2%,6,473,439,190,212.3,1.51,0.7,44,28,0
1dcee2b0-929f-5cfc-a7ba-263d968741d4,Sndess,NA1,27.0%,68.4%,4.6%,163.6,1.15,27.5%,52.5%,52,71.4%,23,"1,776","1,540",446,247.9,1.44,0.9,322,80,5
369a6316-6f30-5c19-8f5f-dcce71d0b3f8,SacredSilence111,NA1,23.8%,70.4%,5.7%,160.9,1.34,19.6%,50.7%,72,73.8%,35,"2,588","1,935",687,249.1,1.69,0.9,338,116,5
d1921620-d5c6-5fa9-9cb6-d551f9f7e274,Wrecktov,NA1,26.1%,68.0%,5.9%,110.2,0.84,26.1%,68.4%,13,75.3%,-20,233,277,151,167.1,1.39,0.6,26,17,0
c2054c95-a83f-5e82-8054-19c35814321e,zoom,0111,,,,,,,,,,,,,,,,,,,
ab07db45-f88e-52c1-b989-9f17cd7ed550,knami,3098,,,,,,,,,,,,,,,,,,,
2561cc8a-8424-5ecc-8634-8afd288f53e5,xona,호랑이,22.4%,72.0%,5.6%,124.7,0.84,26.3%,47.7%,62,70.6%,-19,"1,752","2,086",793,184.4,1.22,0.6,178,114,1
cca5b06e-d356-55b1-9915-b1c078495062,Krillin,TTG,30.6%,65.1%,4.4%,142.8,1.00,32.1%,49.0%,153,70.1%,1,"4,879","4,902","1,517",215.7,1.30,0.7,757,221,9
6fe94710-c552-57f5-b446-33bc90d282d9,Silent ツ,lol,35.0%,60.5%,4.5%,150.1,1.13,35.0%,60.0%,9,73.8%,7,255,225,57,221.2,1.39,0.8,37,16,1
6d3dc20a-d724-545a-a8e7-cd0815a4a938,L1L kuyA,NA13,26.8%,67.1%,6.1%,141.0,1.09,27.3%,32.0%,8,69.7%,14,399,367,112,212.0,1.39,0.8,39,10,1
429bb2f7-f046-5efb-a644-387cd2b1a689,punpun ツ,rawr,10.9%,72.7%,16.4%,216.9,0.83,10.9%,0.0%,0,66.7%,26,10,12,5,328.7,1.25,0.8,2,0,0
ee5e87f3-8145-5fc3-af43-19a44e2afdd5,Salem,0000,22.6%,72.6%,4.8%,145.0,0.86,22.6%,0.0%,0,56.0%,-14,18,21,5,220.9,1.10,0.7,4,0,0
83e068a0-a77f-56f4-9b34-aa85b732df12,Cqbem,SIGMA,19.0%,71.7%,9.3%,112.1,0.83,18.8%,52.6%,30,67.0%,-18,667,804,274,172.0,1.17,0.6,75,32,0
3ad6d3b2-5cd9-5793-a32c-85424f60f3b9,slur,0000,,,,,,,,,,,,,,,,,,,
67ceac60-62b9-54de-a90e-2b856f69ccf8,IOnlyGot1Diabete,5986,28.5%,68.6%,2.9%,167.9,1.19,25.9%,51.8%,58,71.9%,39,"1,956","1,650",441,244.2,1.45,0.9,284,72,4
5c75f60b-3fa1-5271-9c9c-0d15e8245c9c,DAVO,310,,,,,,,,,,,,,,,,,,,
9d634a24-a729-5f25-b80d-cbf42687ed07,valles,8791,,,,,,,,,,,,,,,,,,,
54f09eee-3a86-55d7-894d-7d26f3fb8274,Cxrise,NA1,,,,,,,,,,,,,,,,,,,
c34dba95-a31f-563b-8eda-e41755d1082a,L1rk,123,11.3%,77.3%,11.5%,125.4,0.92,11.3%,63.2%,12,66.8%,-16,278,301,86,190.8,1.21,0.7,24,16,0
4789153f-f13b-5e29-9355-84e6b5926d83,SOUNDINGROD,T1TS,,,,,,,,,,,,,,,,,,,
89bbac9b-46c5-5122-af4f-cf7672f52386,nimu,09876,,,,,,,,,,,,,,,,,,,
6caa049f-a8ec-5e93-8840-0a23460ef0de,CremeBall,6312,,,,,,,,,,,,,,,,,,,
4f5fd964-95e2-5d96-a148-69a0797cb43b,Ho0t,0000,21.5%,74.0%,4.5%,141.3,0.95,21.1%,40.5%,34,70.2%,-2,"1,274","1,341",468,215.4,1.30,0.7,237,57,6
e679df94-800d-514d-9526-88b8be81a991,Bwamiguel,5919,,,,,,,,,,,,,,,,,,,
e51b07d1-95bd-5a72-86be-87c2dac0f8b1,WW Jai,8713,7.7%,79.4%,12.9%,95.4,0.53,7.4%,42.9%,9,62.2%,-69,207,391,84,140.7,0.74,0.5,14,12,0
f54c2ab1-ff62-533f-8387-93a4d6e16ec2,HardIsAim,233,,,,,,,,,,,,,,,,,,,
43787231-8010-54db-b89d-1881b09ed5de,Egirl Enjoyer,12582,,,,,,,,,,,,,,,,,,,
98fa3fd7-ee91-5d4e-9ad5-0be7f510025f,Wildfow,9244,,,,,,,,,,,,,,,,,,,
261e3e53-46eb-5e77-a8be-d3834e606681,Sqinchy,slime,,,,,,,,,,,,,,,,,,,
18130689-f9ca-5c6e-805f-6e25affa655d,cici,0227,19.6%,76.3%,4.1%,101.7,0.77,19.6%,20.0%,2,60.7%,-19,109,141,36,152.0,1.03,0.5,9,7,0
04a1a3d3-87b4-55f1-a9cd-686d362ba0a7,wh1te,XRDX,,,,,,,,,,,,,,,,,,,
87122330-7478-562c-b583-5fb3ff35161a,sqed,3085,,,,,,,,,,,,,,,,,,,
51dd48a0-c52d-5265-9939-f5296cce8fb0,noobgamer69,iron3,35.8%,60.4%,3.7%,170.5,1.15,35.8%,46.7%,7,69.5%,25,251,219,53,260.2,1.39,0.9,51,10,0
4c5019db-178f-5528-9a12-f4ed72d7a59f,Tmoney,6969,21.9%,71.5%,6.6%,170.4,1.17,22.0%,54.4%,56,70.9%,23,"1,857","1,582",521,263.5,1.50,0.9,349,104,7
4d15b4c3-e5d5-5668-b1a8-48c827b07faf,hyunmin fan,0226,32.7%,63.6%,3.7%,137.5,0.97,23.1%,49.4%,83,73.2%,2,"2,535","2,620",969,202.1,1.34,0.7,241,137,4
303e3a71-7098-5e46-ab75-df61bf14366c,PackAttax,6ft4,35.7%,60.2%,4.1%,143.6,1.07,35.0%,49.2%,127,72.4%,7,"4,206","3,922","1,330",220.3,1.41,0.8,580,195,5
0218d2bb-2a52-539b-89fc-5f0b4da8667b,Justmk,1000,29.1%,65.0%,5.9%,119.3,0.77,29.1%,33.3%,2,64.5%,-21,75,97,26,175.6,1.04,0.6,5,2,0
2d2616f8-dd9e-52d1-bb28-c10f31f41aa0,air,sage,31.7%,64.8%,3.5%,140.1,0.90,29.6%,32.8%,19,66.2%,-8,840,929,215,210.9,1.14,0.7,125,34,2
aae761bf-7ef8-50d1-8981-c5014672a7a5,Levels,iSuck,,,,,,,,,,,,,,,,,,,
7c888435-2563-58ab-84c3-7a52f8c016a3,shen,3191,41.3%,55.2%,3.5%,151.1,1.12,41.3%,62.5%,10,71.6%,12,292,260,75,231.2,1.41,0.8,43,9,1
5d1a8185-5311-5dba-bb61-9a999510072a,SócNhỏ,VIETZ,24.9%,70.5%,4.6%,149.4,1.11,25.4%,50.0%,18,73.6%,13,607,546,242,225.3,1.55,0.8,66,25,0
9d1e00f4-052c-5d3b-9197-16c660c71f82,sigma,g00n,24.0%,68.9%,7.1%,149.9,1.07,23.7%,57.9%,73,72.3%,16,"1,938","1,812",667,219.3,1.44,0.7,237,107,2
7bac6a48-8686-537c-b2d3-921a9d76d9c4,jkd,1600,,,,,,,,,,,,,,,,,,,
03dcf448-db56-5f09-8a9a-714c20906ce8,lilbels,6969,,,,"4,032.8",1.20,36.9%,46.8%,66,0.0%,556,"3,169","2,631",674,"6,247.4",1.46,22.5,8,0,0
45bff18c-7d0a-5720-9acb-0719893864ad,SIGGY,sigma,,,,,,,,,,,,,,,,,,,
8d234b47-2dbe-5171-9e1f-d298e32b8a8e,Peparony Pitsa,Tasty,28.5%,68.6%,2.9%,142.1,0.96,28.5%,41.2%,7,62.0%,-3,263,275,57,217.0,1.16,0.8,48,13,1
1d7e14eb-0938-5487-ae20-352a11b368eb,NecesitoZyn,zyn,18.1%,75.9%,6.0%,137.4,0.95,16.1%,42.4%,28,68.2%,-4,965,"1,014",336,208.6,1.28,0.7,153,50,0
70df587b-f5cf-5609-845b-c054748a47c0,BBLAyeJay,6842,16.4%,74.0%,9.6%,158.6,1.10,16.4%,33.3%,2,69.0%,15,95,86,24,236.2,1.38,0.8,10,3,0
08c0cefb-6125-5ce4-8479-88cc466ea503,Mmhkayyy,9101,,,,,,,,,,,,,,,,,,,
2ac81cea-d864-5c13-a26f-ff1456817617,Rileee,69420,27.8%,67.7%,4.5%,174.0,1.25,23.9%,50.6%,78,74.0%,37,"2,961","2,365",829,260.6,1.60,0.9,399,108,11
fdf4539c-082c-5558-9470-4d3bf8bf057a,DOUBLE00SMALLd,5027,,,,,,,,,,,,,,,,,,,
e0a17837-c5aa-5843-9ac0-f2a6f6e8cb6c,Mayonaize,001,26.4%,68.6%,4.9%,127.5,0.93,23.9%,52.6%,92,71.2%,-6,"2,436","2,630","1,157",189.2,1.37,0.7,237,131,1
5b6e431b-f7e2-5bf6-87a4-cedca0f09849,ballhog,dax,,,,,,,,,,,,,,,,,,,
af832173-4c2d-569d-b80f-e32be0c61007,man,7497,23.6%,72.7%,3.7%,136.9,1.12,23.1%,51.7%,15,66.9%,14,436,388,121,203.5,1.44,0.7,67,24,0
b0e7eb99-65b6-5e23-97ee-cf219f030cd2,Automat0n,H0RNY,22.0%,68.0%,9.9%,122.5,0.99,22.0%,64.0%,16,71.8%,-2,345,349,149,183.6,1.42,0.7,30,25,0
a099ca85-ba5d-5166-9fef-310389c6f665,Batatavada1,3665,25.0%,70.7%,4.4%,157.6,1.22,26.0%,63.3%,19,74.2%,30,505,414,182,240.5,1.66,0.8,88,23,1
0166891c-e60d-557d-b828-1adb809104b5,sbn,lol,,,,,,,,,,,,,,,,,,,
5e9c40f2-ce1d-5b92-9a0a-77025ec469a7,FrostXftw,5830,30.8%,66.2%,3.1%,128.3,0.96,30.1%,47.2%,42,69.7%,-5,"1,310","1,361",398,192.2,1.25,0.7,176,73,1
0bb1203b-15d6-59fd-baa9-f3cfb537102f,Rohit Shwarma,1420,,,,,,,,,,,,,,,,,,,
e0a1af87-4c60-5fe3-997e-d67f4e950252,U NEED AIMLABS,COM,29.7%,64.5%,5.8%,128.7,0.97,29.0%,54.5%,114,69.7%,-4,"3,003","3,101",958,193.1,1.28,0.7,394,163,2
82b82b21-f117-55b7-a266-f6dd15295a60,sbanj,8622,,,,0.0,1.15,0.0%,2.0%,8,0.0%,0,"8,719","7,592","1,315","6,659.3",1.32,21.4,31,0,0
31b50e14-4b7c-5474-8782-5df46d36f0f3,AcidInMyLungs,222,,,,,,,,,,,,,,,,,,,
0fbffdb9-eea9-58bd-a589-08749ecf8bd3,DarkMatter,BBL,,,,0.0,1.17,0.0%,14.3%,2,0.0%,0,346,296,48,"7,600.6",1.33,24.7,0,0,0
82580689-cc01-5c96-a931-099625093719,Berry,3333,24.0%,72.0%,4.0%,154.2,1.19,22.6%,44.4%,28,74.6%,24,"1,093",917,425,234.2,1.66,0.8,120,50,3
da275001-1768-5589-8d2f-26568d39e7a7,Bren Da Don,1118,19.5%,72.9%,7.6%,163.1,1.24,19.8%,52.2%,12,73.7%,34,411,332,146,244.8,1.68,0.8,35,19,1
ea77fec5-2f72-55e9-9e65-4ba5591ffe5b,YAAN,5cm,35.9%,59.2%,4.8%,149.8,0.99,35.0%,47.8%,11,66.2%,1,364,367,100,227.8,1.26,0.8,72,18,0
22cfb12e-fb8c-51f2-8907-f8c6260a6bf8,yustzxckl,monke,,,,0.0,1.30,0.0%,14.7%,17,0.0%,0,"3,315","2,542",392,"8,722.2",1.46,28.6,17,0,0
3b3963c0-8a76-537c-8959-a232db85907a,RubberDucky,6288,,,,,,,,,,,,,,,,,,,
6e266428-6617-595e-bde0-f90110a403b4,Nezha,7738,,,,,,,,,,,,,,,,,,,
e2a175cf-afe2-5851-9ebc-581768c759e8,nugeminion,8888,28.0%,67.3%,4.7%,179.5,1.30,28.4%,58.0%,65,72.8%,34,"2,194","1,683",558,276.9,1.64,1.0,311,92,10
34e62047-8a01-5838-b95b-fc6ff528d82f,Aloe,Daddy,31.8%,62.0%,6.2%,149.4,1.09,31.2%,58.1%,50,68.4%,9,"1,438","1,314",299,229.2,1.32,0.8,233,61,3
356c3f7f-5cc5-5976-92f5-cda88422c775,Acruic,069,,,,0.0,1.82,0.0%,25.0%,3,0.0%,0,401,220,48,"10,112.5",2.04,33.4,2,0,0
2c6a3837-2af5-5aa0-9ac6-4a3063225dae,jayden,0042,21.4%,73.1%,5.5%,119.6,0.87,19.7%,46.0%,23,72.8%,-13,642,735,315,178.9,1.30,0.6,44,34,0
f799f915-7d6f-54da-99f3-bb74855a07a7,LFT rdawg,hello,24.5%,69.5%,6.0%,127.7,0.89,24.5%,66.7%,8,67.1%,-14,161,181,52,188.6,1.18,0.7,18,8,0
0f4e1859-a464-540a-b782-17e7b2cf7755,VvV,9321,,,,,,,,,,,,,,,,,,,
c51571f8-15b9-5ca6-8cff-9728fd8e8399,numa,dnm,32.6%,64.0%,3.4%,192.4,1.23,32.8%,38.1%,8,70.0%,36,415,337,111,294.3,1.56,1.0,70,16,3
38c197ef-8e4f-5300-acfc-7636e35075c3,somisomi,sigma,28.2%,66.5%,5.3%,141.9,0.90,27.4%,51.0%,75,69.0%,-13,"2,296","2,558",801,212.7,1.21,0.7,320,99,5
249ee1d3-f12c-56e2-8f15-65e81ab60109,Prettywhenucry,you,25.6%,65.7%,8.7%,149.7,1.04,27.6%,55.0%,194,74.5%,2,"5,848","5,637","2,167",225.1,1.42,0.8,564,248,7
524e3523-d3f4-5e07-8120-32950b639be2,destinees90,US112,,,,,,,,,,,,,,,,,,,
45a002eb-8257-5fd4-9cd9-825c179399b9,suzuxoxoxo,1111,,,,,,,,,,,,,,,,,,,
aa297577-47f9-5454-937c-e013a4aad3c3,ngbEarth,NA1,19.6%,73.7%,6.6%,154.4,1.08,20.2%,47.7%,21,72.0%,13,767,713,211,239.9,1.37,0.8,165,37,2
6237bbb0-8381-533c-be6a-1370eb5c58a7,stubby kiwi,KIWI,19.9%,76.0%,4.1%,146.8,0.99,21.6%,53.2%,74,70.5%,2,"2,193","2,206",756,222.8,1.34,0.8,251,93,8
70428314-7943-57fd-b81a-cf356c887c04,freakydodon,pooki,,,,,,,,,,,,,,,,,,,
cfcffd69-f811-5e0a-9461-0734b9946810,ammzrz,RAWR,20.2%,66.7%,13.1%,104.1,0.60,20.2%,60.0%,3,73.9%,-32,42,70,27,143.8,0.99,0.5,10,6,0
fdfaad35-dae9-5d0a-bb8b-c9acb4e232c1,HillGazer,SKA,11.1%,76.9%,12.1%,150.7,1.47,11.1%,60.0%,3,81.5%,17,88,60,28,258.3,1.93,1.0,8,6,0
9bcf1bf2-7c3e-51e7-b28c-384e2876a0c5,bart simpson,4103,,,,,,,,,,,,,,,,,,,
8897e716-07a7-5c03-9a18-e25ef822eea2,child of zero,1626,,,,,,,,,,,,,,,,,,,
1b958cad-69cf-5c6c-bdd2-566e84f258f9,Iced Latte,5225,,,,,,,,,,,,,,,,,,,
ccc41a17-3e23-5125-bb8d-32f88fddb218,Man,pug,28.1%,66.7%,5.2%,143.8,1.04,28.0%,51.0%,102,70.5%,9,"3,087","2,981",949,213.4,1.35,0.7,399,160,3
c7183ccf-69ae-546b-8b9b-a1cdd507a219,pray,d 9,35.8%,60.2%,4.1%,176.8,1.28,37.0%,64.2%,34,75.6%,33,"1,025",798,260,266.1,1.61,0.9,132,49,6
84636a97-abb2-570a-95aa-8e1c4bf3b836,Vizzixx,1248,,,,,,,,,,,,,,,,,,,
620f6a4f-233c-5cb2-8b40-4f7229b40946,surfingcat278,BDG,33.0%,63.4%,3.7%,156.4,1.11,29.8%,49.6%,61,72.7%,14,"2,174","1,955",557,238.0,1.40,0.8,352,94,7
05849250-4f73-5adf-8a84-8864168ca954,pec,goat,11.0%,82.2%,6.8%,152.2,1.18,11.0%,50.0%,2,60.2%,12,71,60,13,234.4,1.40,0.8,11,3,0
c1dd8ce7-aa5c-595e-a3e1-e9eb24b763b7,Kainé,jason,36.4%,59.3%,4.3%,131.4,1.08,35.1%,52.2%,24,70.6%,5,717,663,190,199.1,1.37,0.7,74,39,0
49f6db28-6460-5c1b-9894-303ba7e4be96,coolguy2016,cool,14.7%,77.7%,7.7%,153.7,1.10,14.7%,57.1%,4,72.1%,16,113,103,44,236.2,1.52,0.8,13,7,0
91bf047e-6aab-5700-8c84-d76b0f3826d8,打残局像第一次牵你手的心跳加速,kaiz,27.9%,67.5%,4.6%,184.6,1.34,31.8%,50.0%,27,73.9%,43,"1,116",834,265,288.0,1.66,1.0,189,40,5
69f9b894-9143-534e-add9-c7249b01a8e3,渡完瑞拉渡你妹,0987,20.3%,72.0%,7.6%,181.3,1.39,20.9%,45.5%,46,73.2%,42,"2,022","1,457",509,281.9,1.74,1.0,293,79,11
16cfab47-ebcd-5ba2-a57a-f4861e2ac684,paralvzed,5954,22.4%,72.8%,4.9%,131.8,1.00,21.0%,52.6%,51,73.5%,-2,"1,326","1,323",605,201.0,1.46,0.7,149,76,1
e9673fcc-ee77-5ee1-80d8-f189fd50a26b,Yawn,100mg,22.1%,72.1%,5.9%,130.3,0.91,22.1%,12.5%,1,64.4%,-14,128,141,32,210.7,1.13,0.7,21,4,0
15e80503-506f-57e2-bd41-bd09fd409ddd,Expert,lose,27.1%,65.1%,7.7%,153.6,1.20,28.2%,55.9%,81,73.4%,17,"2,575","2,146",712,237.4,1.53,0.8,356,108,10
963e249f-8f93-5fc5-b167-ea668e614b5f,MCDONALDS CEO,Will,24.4%,69.4%,6.2%,153.3,1.06,23.1%,61.3%,19,75.5%,5,555,523,234,239.1,1.51,0.8,50,25,2
e10b2ea3-47b7-592e-9eae-d6281539ecbc,Noodles,NDL3S,18.0%,71.0%,11.0%,141.4,1.30,18.0%,40.0%,2,70.8%,18,79,61,17,229.0,1.57,0.8,7,3,1
4b4c22e1-9d3d-5fe9-bcdb-a4ead15ccbae,huh,1271,32.0%,63.5%,4.5%,168.0,1.29,30.9%,59.4%,38,74.7%,32,"1,177",909,313,244.6,1.64,0.9,112,52,4
fc706ebc-d481-50a8-b02d-267f3fba4b02,verapo,0000,28.3%,68.1%,3.6%,141.7,1.03,25.4%,46.8%,81,72.7%,7,"2,632","2,554","1,138",213.6,1.48,0.7,304,130,2
9e543649-e9ed-5982-9c0b-64622c7fff62,cleaR,9126,31.1%,65.9%,3.0%,144.5,0.98,29.6%,48.9%,44,68.7%,2,"1,474","1,499",379,218.6,1.24,0.8,241,60,2
bc8af61a-838c-555c-9e06-7ff907727077,ThePwagon,8454,,,,0.0,1.21,0.0%,0.0%,0,0.0%,0,319,264,30,"6,903.4",1.32,22.8,1,0,0
2059ebed-7451-579d-bada-1f588b368a7a,Jaguarkisser9,4927,22.5%,70.1%,7.4%,152.9,1.09,23.4%,54.8%,86,70.8%,12,"2,603","2,389",585,231.9,1.33,0.8,444,120,5
5be5dff5-b683-5945-a24e-c600f4625a13,koesifer,vibes,28.0%,69.0%,3.0%,151.8,1.10,29.5%,44.4%,28,71.8%,8,"1,036",942,315,227.1,1.43,0.8,127,34,2
abda932b-3c25-532b-8d97-a6e0fcca1c7c,Monarch,aimv,40.8%,56.5%,2.7%,155.3,1.15,35.9%,53.2%,182,73.2%,18,"6,058","5,262","1,726",230.4,1.48,0.8,723,266,13
c7b83634-317f-5d4c-9644-ce61f0109c84,UNH Mamba,e669,24.4%,70.7%,4.9%,124.8,0.95,23.7%,57.1%,16,73.1%,-10,438,462,263,193.0,1.52,0.7,38,27,0
26306dfb-76e7-51bd-8f8d-2be4ac35b674,Jumpers,2000,29.3%,66.7%,4.0%,157.1,1.10,29.4%,47.2%,42,69.9%,13,"1,623","1,469",298,242.4,1.31,0.8,291,78,4
84e994ba-0a0e-5a7f-a7cd-215a6a23817d,NoobTheHeretic,ohh,31.1%,62.9%,6.0%,146.1,1.04,28.7%,54.8%,57,75.2%,3,"1,658","1,593",606,219.0,1.42,0.8,161,68,2
db7c6810-3941-5588-99c2-d8a9d5dee4c1,Middle,NA01,39.3%,56.7%,3.9%,132.7,0.97,38.6%,53.0%,105,67.5%,-9,"3,004","3,091",631,203.9,1.18,0.7,527,137,4
40301d5e-2ba2-595d-8cbb-21a1e571fdea,Crypto,0069,30.4%,65.2%,4.4%,153.8,1.16,35.5%,52.5%,21,69.3%,9,695,597,115,235.2,1.36,0.8,96,34,1
ea716daf-0d64-57f3-b26c-a74e2bf7b8c8,anwyl,uwu,21.5%,73.1%,5.4%,149.4,1.03,22.5%,53.0%,188,72.6%,4,"6,053","5,855","1,777",226.9,1.34,0.8,871,279,1
b97f2785-e6e7-5476-86f2-408293974493,猪猪侠,topG,20.5%,73.9%,5.5%,141.9,0.98,20.5%,38.9%,7,71.8%,-2,289,294,116,218.5,1.38,0.7,28,10,0
a5865de1-b0fc-5d10-8d7a-d8a8293bd5db,Buudder,NA1,,,,,,,,,,,,,,,,,,,
556cc7b5-b055-5520-b591-80d7745ff45a,Alucard,poor,21.0%,72.9%,6.1%,137.0,0.98,21.4%,54.3%,25,71.0%,-0,650,663,220,204.0,1.31,0.7,72,31,1
049a025a-78db-5ab2-ac88-941742bd6b57,pANcada,0820,23.9%,70.2%,5.9%,105.7,0.78,23.8%,53.5%,23,70.1%,-24,491,632,235,153.4,1.15,0.5,41,35,0
a2e4b1f0-8d4d-521a-a285-dedfb3547405,toes lover,dave,,,,,,,,,,,,,,,,,,,
1ee7667c-c360-57da-a497-f5a55f758abb,AYH,92PK,26.9%,69.2%,3.8%,141.2,1.01,27.1%,53.2%,133,70.8%,-5,"3,992","3,954","1,010",218.5,1.27,0.8,571,174,6
df49900a-2ffc-5e8c-851e-850c0d034879,rilakkuma,i l y,,,,,,,,,,,,,,,,,,,
5043dbc5-10f0-5479-aa7c-cac7cbf7ffe2,leomessi,2397,30.9%,64.4%,4.7%,161.3,1.17,26.2%,58.5%,38,73.9%,26,"1,156",987,373,243.6,1.55,0.8,181,54,2
579b98fd-7564-54e5-84d6-0ce409e21104,Elizaaaaaa,LOLXD,,,,,,,,,,,,,,,,,,,
e12116d3-eb92-52ea-8550-c43b7477f039,cappa,leesa,34.9%,60.0%,5.1%,153.0,1.04,31.5%,52.6%,113,71.0%,4,"3,680","3,543","1,130",235.5,1.36,0.8,610,148,11
f222f51f-360b-5e8c-b8e7-c84882d8c6ff,ShenyGueny,ImHim,21.9%,71.5%,6.7%,138.6,1.02,22.7%,37.1%,13,73.4%,7,533,520,204,207.1,1.42,0.7,64,28,0
5d3195e5-5e99-5b86-81ff-b52c0b6e18cb,iluv人ss,real,23.2%,72.5%,4.2%,169.9,1.22,21.6%,61.0%,25,72.1%,28,755,618,168,258.9,1.49,0.9,128,47,3
ff1309de-003b-5233-9cd0-0526dc99454f,wzrrrr,8935,22.8%,69.7%,7.5%,142.0,0.97,22.4%,37.2%,16,71.1%,4,666,688,315,210.7,1.43,0.7,58,36,0
3af90926-244f-501e-a7b6-329e16caa0e0,Big Meat Mishk,8867,17.6%,76.6%,5.8%,131.6,0.86,19.9%,42.4%,28,68.1%,-12,939,"1,087",351,194.8,1.19,0.7,151,54,0
637641f2-3482-5b2d-bb1b-5595dfce2f16,MIBR Bruno,33333,17.6%,73.3%,9.1%,152.7,1.13,18.0%,42.0%,21,68.5%,22,819,727,192,234.1,1.39,0.8,135,26,1
f568c376-401d-508b-9aaf-508abd07452a,po and oogway,lol,34.5%,62.6%,2.9%,172.0,1.23,39.1%,55.4%,31,70.2%,10,"1,069",872,186,259.4,1.44,0.9,189,55,0
54302936-7d0d-5b30-80cb-dced06395dce,crilyis,tsou,28.7%,67.6%,3.7%,137.1,1.01,27.7%,48.6%,88,70.2%,1,"2,742","2,702",776,207.0,1.30,0.7,333,131,4
43e2860f-48c2-5ad5-acad-b1d5a0d5964f,rose toy,clity,24.2%,70.3%,5.4%,162.0,1.11,29.0%,52.8%,84,70.4%,15,"2,811","2,532",745,242.7,1.40,0.8,422,130,11
fcd12f2e-6d6e-559a-9fbc-9e48f8f832b5,Kevin,HIFI,,,,,,,,,,,,,,,,,,,
c4cc6e5f-9504-59c9-a096-81ef91e865ef,Jinx,Nut,,,,,,,,,,,,,,,,,,,
7a7b2939-0ade-5937-a424-bafeaf04949d,jeezy,icey,27.3%,69.0%,3.7%,169.5,1.18,25.0%,54.2%,32,70.0%,29,"1,032",872,224,246.9,1.44,0.9,159,52,2
d22231f1-d950-510e-beda-700d87843ce0,Beware,SWING,26.7%,70.3%,3.0%,154.5,1.05,27.3%,47.1%,33,69.6%,7,"1,156","1,106",314,230.8,1.33,0.8,147,47,2
a422f80c-7aff-5dbe-8ede-0ffae57e7bcc,Llax,Llax,18.3%,74.1%,7.7%,161.2,1.25,19.7%,50.7%,38,72.5%,29,"1,256","1,008",358,246.4,1.60,0.9,180,73,4
0bd7ea38-2ea1-5815-8e0c-9538f92fea03,IceBankMiceElf,HEHE,,,,,,,,,,,,,,,,,,,
d93656d2-d182-57db-a929-dae446450c77,Jaewon,lava,21.6%,73.3%,5.1%,146.0,0.99,22.1%,53.8%,126,68.8%,1,"3,719","3,765","1,162",222.0,1.30,0.8,793,178,8
8a79d1eb-2fce-5ab0-8e09-08f6dd4a003d,lex,nav,24.7%,70.5%,4.9%,131.4,0.91,24.0%,49.7%,72,68.0%,-9,"1,953","2,151",473,195.1,1.13,0.7,308,111,2
4c7bf164-278a-57d9-9cd3-2d68406a3655,D15B2,5261,16.4%,74.8%,8.8%,150.0,1.07,16.4%,42.9%,3,69.7%,10,103,96,35,224.1,1.44,0.8,10,3,0
fae99de0-0c71-598d-987c-8da124d9442b,ufbe,riiot,,,,132.1,0.90,16.8%,44.4%,4,70.3%,-20,125,139,67,201.5,1.38,0.7,16,5,0
70a9a350-001a-54dd-8c12-f4c2ff13729b,Tootsie,uwu,33.6%,64.0%,2.4%,125.6,0.82,32.7%,45.1%,23,64.5%,-25,685,837,174,189.6,1.03,0.7,99,33,2
b16afda7-9ed2-560b-99ee-889e57e66f27,Sna1pa,5030,,,,,,,,,,,,,,,,,,,
60cb77df-12d1-5006-9cb2-408726d9f41f,Soondooboop,asian,19.4%,75.1%,5.5%,152.0,1.17,20.6%,49.0%,25,74.6%,22,861,737,267,225.0,1.53,0.8,80,45,2
1199e5b5-2161-5a1f-b51b-79cd2ec7d22c,AnjaysTrash,1563,,,,,,,,,,,,,,,,,,,
dc0ec41e-1a2f-502c-9294-1ffabe1094d1,εïз,206k,34.8%,60.0%,5.1%,155.5,1.06,38.0%,53.0%,35,72.8%,7,"1,052",996,347,228.1,1.40,0.8,111,31,1
64e06b2d-3f17-5d7c-9c41-0fe56c44ad16,胖虎二代目,0901,39.1%,56.5%,4.3%,92.6,0.77,39.1%,100.0%,1,61.1%,-53,10,13,9,140.4,1.46,0.6,0,1,0
302af5c5-29ed-5380-9416-8db4f5c67aaa,Gutz,duck,27.8%,67.7%,4.5%,166.2,1.25,25.7%,47.2%,17,74.0%,25,645,517,150,257.3,1.54,0.9,94,30,3
5743c70a-7ad6-5c9c-ae64-dd19fa87162a,Spanksta,6785,18.8%,75.6%,5.6%,149.9,1.07,20.1%,54.1%,40,71.8%,4,"1,225","1,140",361,225.5,1.39,0.8,176,62,1
869cbf7d-2a19-573a-91fd-0468fedd9cbf,Ramen,0907,17.3%,73.1%,9.5%,124.0,0.73,19.1%,54.3%,19,66.1%,-39,459,627,179,185.0,1.02,0.6,81,22,0
e1fe459c-fe5c-54a4-bad8-f7de90353a98,Darkgravity,5658,25.7%,67.1%,7.2%,135.6,0.97,24.9%,47.4%,120,69.9%,-7,"3,741","3,846","1,026",203.0,1.24,0.7,407,198,8
54cb263b-5fb4-5d83-a0b8-ea2ef64effd8,catito,kat,25.0%,69.5%,5.5%,140.8,0.92,23.9%,52.0%,26,68.9%,-7,759,825,254,212.1,1.23,0.7,133,37,0
6762331e-293b-5115-8c5f-06f547dd9d44,Metz,22AL,16.7%,78.2%,5.1%,140.9,1.01,20.0%,54.2%,104,71.5%,9,"2,871","2,836",918,209.2,1.34,0.7,326,146,3
21ec24f7-8ce6-5f4a-899f-cdd7a1bae37d,TMZ,556,,,,,,,,,,,,,,,,,,,
aabbe11a-1642-502c-9a4c-f88e60b2216d,earth,00002,,,,,,,,,,,,,,,,,,,
d6267a8d-2b3e-538a-b460-cf0e6022199c,yaya,1722,,,,,,,,,,,,,,,,,,,
7fd847b7-6e24-5e18-ae8b-1d083c6c5d06,kiruma 0,777,43.5%,53.4%,3.2%,131.1,0.92,44.4%,48.4%,78,69.1%,-16,"2,357","2,562",890,200.9,1.27,0.7,306,103,2
72fd611a-04e4-58f7-8674-812022d0d015,nier,heart,27.3%,68.4%,4.3%,132.8,0.93,29.1%,45.3%,67,67.7%,-9,"2,209","2,363",502,201.0,1.15,0.7,350,112,3
89f3aa94-9396-5542-91a6-f96ed8fcbe2c,johnfpennedy,boof,,,,,,,,,,,,,,,,,,,
b2810bb8-dbac-5c94-967b-32bd37bdcbff,Alpha,stuck,12.1%,75.9%,11.9%,135.4,0.91,18.8%,54.1%,33,71.6%,-12,868,954,321,202.8,1.25,0.7,104,44,0
5373a600-3e83-56c2-ac2d-7b355c06416a,Dan,RAHHH,20.6%,71.5%,7.9%,150.2,1.09,20.9%,46.9%,23,71.3%,13,807,737,333,228.7,1.55,0.8,106,41,2
d65067f7-c304-56f0-b544-4cb01e1abb76,vandy,1209,8.4%,77.2%,14.4%,91.8,0.53,8.6%,40.9%,9,63.5%,-47,192,365,122,132.5,0.86,0.4,21,17,0
8fd82b3a-fd30-5b7d-bc26-dce99adf5028,witchtrash,666,,,,,,,,,,,,,,,,,,,
53e84104-24bf-5709-848a-9296a862ff3b,Satty,0000,26.2%,66.7%,7.1%,143.8,1.02,25.1%,59.1%,26,69.3%,-1,714,700,186,217.7,1.29,0.8,121,39,0
915f0668-c5de-5561-a7bc-b0d6e2cddcdb,Thunderhorse110,4670,15.1%,74.5%,10.4%,109.1,0.64,13.3%,40.8%,20,63.6%,-37,529,833,252,158.2,0.94,0.5,84,31,1
82f2b75f-49c6-5704-a9d4-a7bc0c542a7d,GDM,6177,,47.6%,4.8%,208.5,1.11,47.6%,0.0%,0,73.7%,29,20,18,6,305.0,1.44,1.1,1,0,0
3567c020-4376-5d60-867a-c3f7518d76bc,Pontiac Bandit,0001,23.0%,72.8%,4.2%,150.4,1.18,22.5%,53.7%,44,72.7%,20,"1,395","1,185",353,230.7,1.48,0.8,147,76,9
01cc1962-982c-5753-9665-fe34979e0fe5,Luv xo,Luv04,,,,,,,,,,,,,,,,,,,
e3b76e16-932c-5a09-8151-38dd6d5ac5e3,jjkrf,9796,40.8%,54.6%,4.6%,157.1,1.12,39.4%,51.8%,58,71.9%,17,"1,985","1,778",519,237.1,1.41,0.8,275,88,2
235b4377-472f-5ab9-8af5-f09747b22a7d,PUR KRAKEN,star,24.5%,68.9%,6.5%,138.0,1.02,25.5%,45.7%,95,72.7%,5,"3,218","3,160","1,333",207.4,1.44,0.7,350,140,4
5d948459-7136-5337-b2ec-58e253c3def5,FrankLotion,lmao,,,,,,,,,,,,,,,,,,,
f9d76711-757e-502d-a41e-ff99f6951816,idefwyltcyhmn,frfr,29.6%,64.6%,5.8%,147.1,1.13,31.2%,48.9%,116,71.8%,5,"4,176","3,704",908,227.2,1.37,0.8,674,157,7
7d5d2f76-1581-572a-b51c-9d29ddcf9a63,huff,4444,34.7%,61.0%,4.3%,137.7,0.99,34.8%,49.2%,58,71.3%,-4,"1,809","1,832",699,206.9,1.37,0.7,262,99,4
ea413d06-bb9e-5dbc-a4e6-d03f662ba1c1,SuperSigmaGirl,goat,,,,,,,,,,,,,,,,,,,
ec679f18-c3a1-52d2-8f66-768089204d71,T1 neth,1234,,,,,,,,,,,,,,,,,,,
2c7ccdc4-c199-5f46-a9eb-612182cea80b,GodCreed15,3645,21.8%,73.2%,5.0%,130.8,0.88,20.3%,44.7%,34,68.8%,-14,"1,117","1,269",519,199.1,1.29,0.7,165,50,1
7a998de1-e974-52ca-a89e-05c45463056a,JesusSaves,GTGOD,21.8%,70.9%,7.3%,140.8,0.96,22.1%,51.6%,113,70.2%,1,"3,279","3,408","1,080",207.4,1.28,0.7,436,168,4
7dfc36f4-bdef-5e27-a551-246c41682b2c,Minty,6360,15.3%,73.6%,11.1%,108.9,0.77,20.5%,43.3%,45,71.7%,-31,"1,258","1,638",963,167.8,1.36,0.6,102,75,1
872defaa-3952-5d4d-a0aa-d2a60e21950c,peytons gf,tip,38.9%,58.6%,2.5%,163.6,1.15,34.5%,50.0%,97,69.6%,19,"3,499","3,039",676,248.3,1.37,0.9,666,175,12
73d17396-9930-5c9f-b5ea-5a8c519e0101,DMTR Sciborg72,1234,26.4%,67.0%,6.6%,127.0,0.89,21.6%,47.7%,51,71.7%,-15,"1,538","1,720",715,195.3,1.31,0.7,165,84,2
94790989-437e-5785-84db-bfcc752ffc8a,Delulu,0331,15.6%,77.6%,6.8%,119.8,0.78,17.4%,48.7%,155,71.0%,-29,"4,133","5,325","2,033",181.0,1.16,0.6,394,235,1
122ea8f5-8223-5867-9108-7f13d124c19d,K1r8by,7261,,,,,,,,,,,,,,,,,,,
d8ec4cbb-dd2a-5ea1-8b97-02234b92a800,annaa,6921,,,,,,,,,,,,,,,,,,,
50d0a1e0-6ac6-5463-bfda-00f36d9f8eb4,Ark,10293,,,,,,,,,,,,,,,,,,,
865e3cf0-a2a8-5379-a587-dd56c592c356,pinkjellycat,pink,21.1%,72.2%,6.8%,113.6,0.74,20.7%,51.6%,128,69.7%,-37,"2,983","4,005","1,621",172.9,1.15,0.6,289,180,1
c056fb90-8abb-5788-8d46-fedc93e5aad1,choso,NOVAA,24.5%,70.8%,4.8%,127.4,0.90,25.3%,50.0%,15,65.5%,-18,406,451,104,196.0,1.13,0.7,59,17,2
ec5699e2-8da9-597c-89ba-4b10e4446057,ZMJQKJ,嚼嚼嚼,,,,,,,,,,,,,,,,,,,
9bf9b954-d7c8-55ca-9f76-9ef22a78ea04,Salmon180FPS,777,,,,,,,,,,,,,,,,,,,
139a6d60-a624-503a-bd61-f93f6cf28577,yert,44444,22.3%,69.2%,8.6%,119.6,0.86,21.9%,47.1%,48,67.4%,-21,"1,373","1,593",554,185.1,1.21,0.6,186,78,0
99463e55-2e77-553a-b279-a5325b69ef66,syndrow,9125,,,,,,,,,,,,,,,,,,,
876c2536-49df-5ca6-87f8-adabf0d9b49b,BigNerd,4907,16.3%,75.2%,8.5%,135.7,1.14,15.0%,56.0%,28,74.6%,1,841,738,411,226.8,1.70,0.8,64,57,3
29fc0823-ac6f-5a47-acc2-08a7a490253d,DaKuB0B,6969,,,,,,,,,,,,,,,,,,,
02ca7aae-f44b-59e0-9bce-8d70b9297069,Amungus,8984,,,,"4,115.8",1.47,36.1%,40.0%,2,0.0%,"1,288",113,77,30,"6,418.0",1.86,22.6,0,0,0
6e64d135-53b0-55eb-be60-c7947b9aa06b,GatorSaber,G8tor,15.1%,76.6%,8.2%,118.0,0.91,14.0%,41.2%,21,70.8%,-3,687,752,238,178.7,1.23,0.6,57,44,0
cfeb320d-f9d8-548d-bb74-f6299d945814,Peter2,spdr,24.1%,64.6%,11.4%,145.1,1.05,24.1%,0.0%,0,60.7%,5,22,21,7,220.0,1.38,0.8,4,0,0
5d8cce98-bbd2-50f5-af38-e5ec5cd26da7,kreeyuh77,80085,29.8%,66.9%,3.3%,89.5,0.77,29.8%,75.0%,3,67.0%,-33,46,60,19,137.8,1.08,0.5,9,3,0
4afa2ab1-5529-50d9-ad04-8d44dc1d55cb,moxy,goty,23.7%,71.3%,5.0%,137.0,1.02,26.0%,49.2%,153,69.9%,-3,"4,732","4,656","1,342",209.6,1.30,0.7,738,224,2
abfb2b02-7ea5-5af9-a48e-57f766f15429,lattea,5083,,,,,,,,,,,,,,,,,,,
336f21d7-0952-59cc-8d2f-4f931c782e49,Mokktokk,9812,12.1%,76.2%,11.8%,123.9,0.88,8.3%,48.6%,53,73.7%,-18,"1,423","1,625",647,188.8,1.27,0.6,90,68,1
d3f1ff26-18ea-5792-9273-fba2b20f5928,doggy,313,22.2%,75.3%,2.5%,165.6,1.10,21.8%,50.0%,86,72.4%,17,"3,046","2,757",860,248.3,1.42,0.8,372,118,7
614c7c5f-5934-5cc0-9587-bc83a21d5351,XeP,101,17.7%,74.6%,7.7%,160.4,1.19,15.8%,53.8%,21,72.2%,19,690,580,162,251.9,1.47,0.9,121,21,2
ee771367-971e-5efd-b78f-09c6c098f4fd,Twice,5552,33.5%,64.0%,2.6%,136.6,1.01,33.5%,61.1%,11,70.5%,12,261,258,49,192.0,1.20,0.7,22,13,1
0917a767-0e42-57c8-9496-738b0ad41ac5,고양이,ttv,26.5%,68.5%,5.0%,116.5,0.88,26.8%,45.4%,88,69.3%,-13,"2,398","2,739","1,044",173.4,1.26,0.6,205,149,2
fe0765f0-cdae-5c94-9292-14b5b5ceb125,RahulKP7,RKP7,28.0%,67.0%,4.9%,155.3,1.14,28.3%,49.4%,133,70.5%,12,"4,572","4,005","1,146",233.6,1.43,0.8,682,225,4
14eef20a-91fa-5501-adce-f28cf4bec8ce,rjs007,3981,,,,,,,,,,,,,,,,,,,
e4e45ed8-96a1-5361-9e46-e8713446ef20,blackWolf2012,1256,,,,,,,,,,,,,,,,,,,
24faf409-cd65-5806-b572-69e755083fa1,AvgTwinkBoy,ImGay,19.1%,74.8%,6.1%,135.6,0.92,20.3%,43.0%,46,66.7%,-4,"1,512","1,652",489,204.1,1.21,0.7,241,74,2
c8b9cc21-fcf8-50c2-afd1-41fb90be6d38,veiny dih,DRNFY,31.3%,64.3%,4.3%,156.2,1.09,30.5%,53.3%,65,71.2%,9,"2,087","1,909",506,241.0,1.36,0.8,325,107,4
2fef755f-0f16-53ef-9d3e-64842d92e880,heck,angel,27.8%,68.4%,3.8%,149.6,1.05,28.2%,53.1%,69,69.6%,0,"2,182","2,070",553,228.5,1.32,0.8,376,95,5
54e637a0-b670-55bf-b9a5-3a5b83e90c31,Misty,6348,22.4%,70.2%,7.4%,136.4,1.01,19.4%,54.1%,105,73.4%,3,"2,975","2,959","1,283",209.9,1.44,0.7,283,135,2
136e69ba-be4c-5291-9b79-e61116cb7a25,ryonwithano,1130,20.6%,75.1%,4.3%,132.0,0.95,18.9%,49.7%,81,72.0%,-3,"2,402","2,524",945,201.0,1.33,0.7,318,133,3
c9db5174-c24f-5dd8-bd25-5cd9f9bee8ed,G,RU1,47.5%,50.9%,1.5%,220.2,2.08,45.6%,83.8%,57,80.4%,100,"1,657",797,221,331.1,2.36,1.2,206,80,10
3128a1d0-7002-5471-a207-7290e715156c,好想跟你谈恋爱,煊赫门,,,,,,,,,,,,,,,,,,,
c24eb2ce-ccb4-5602-9873-047b0d3b4696,asian,42069,25.7%,66.6%,7.7%,166.4,1.28,25.7%,66.7%,6,72.9%,15,187,146,35,259.1,1.52,0.9,31,12,1
2a759bec-7834-527f-bcee-cddf73071a15,Misguided,yippe,35.2%,60.6%,4.2%,142.2,0.91,35.9%,34.6%,9,64.5%,-13,412,453,85,218.2,1.10,0.8,91,17,1
73359399-0b92-5b5e-a7b3-d1723ad61a7c,Randolio,gnar,38.6%,55.9%,5.5%,147.0,1.05,32.7%,56.5%,35,74.4%,10,959,916,309,213.8,1.38,0.8,115,52,3
4490c04a-3d4e-5baa-93cd-ee67822a95b7,Xevzity,2624,,,,,,,,,,,,,,,,,,,
d394d2fd-ac7d-53ad-9348-f30e428b1b37,Jamaican Tragedy,Bombo,21.6%,73.4%,5.0%,169.7,1.28,22.1%,40.9%,38,72.2%,27,"1,816","1,419",415,259.9,1.57,0.9,222,58,6
7b50274e-b90b-5a34-8f6b-32236aa2aa74,Twitch Dixly,LIVE,31.9%,64.0%,4.0%,149.8,1.00,34.0%,48.1%,169,70.2%,0,"5,833","5,821","1,779",229.3,1.31,0.8,"1,031",210,7
cdf8dc5e-9b95-5b9f-b90b-b12e23309b83,chinchilla4000,420,16.0%,79.1%,4.9%,156.7,0.94,16.0%,50.0%,2,70.5%,-11,67,71,21,253.5,1.24,0.9,7,1,0
61c3e0d7-908c-5d55-81ec-3f346650d39e,fullbodyyduraag,4200,,,,,,,,,,,,,,,,,,,
ebd1ab5d-5c1f-55d5-aee0-8c00b6a8386f,Speg,8492,,,,,,,,,,,,,,,,,,,
6f4e93ef-2616-565c-8bb1-1d68f52ead52,baby,g80,36.5%,61.7%,1.8%,131.0,0.88,36.5%,50.0%,9,67.4%,-19,270,307,66,197.5,1.09,0.7,32,15,0
c842bd5b-bc38-5987-949f-c1e9612fc37a,angelcans,8002,,,,,,,,,,,,,,,,,,,
7684d4af-9b15-5dc7-8240-9ca2ab83afa3,riatonii,TEc,12.3%,83.8%,3.8%,117.2,0.81,12.3%,66.7%,2,77.4%,-16,30,37,21,180.0,1.38,0.6,2,1,0
63599fda-d31a-5565-ab47-045c42b2829a,ponyo,72025,,,,,,,,,,,,,,,,,,,
f4583c03-d020-5090-a135-321ae4f8dc34,sabnaps,0228,,,,,,,,,,,,,,,,,,,
2a583b9c-b341-5102-a2b3-2b2e41ccce03,LittleMsKillJoy,Na 1,8.2%,79.3%,12.5%,135.0,0.90,8.2%,40.0%,2,77.5%,-10,65,72,33,213.1,1.36,0.7,7,1,0
b700213d-faaf-5b73-9f48-1eb1b111d164,saran pack,1629,22.3%,73.6%,4.1%,141.4,1.06,23.1%,41.7%,20,67.7%,-0,797,752,187,219.6,1.31,0.8,79,29,3
d1624894-d0b9-5243-b35a-8afb91925ecf,ARASAKA,6955,22.5%,71.8%,5.6%,161.4,1.13,22.5%,37.5%,3,76.1%,12,124,110,26,242.9,1.36,0.9,15,6,0
a85ff215-9034-5edc-877f-122c8f354b61,Just for fun,LOL2,31.6%,67.5%,0.8%,123.4,0.80,31.6%,57.1%,4,64.0%,-19,94,117,22,184.7,0.99,0.6,19,3,0
7ce9010e-8442-5845-aeb3-7ded205918e0,R3born,FAKE,17.1%,75.0%,7.9%,179.0,1.29,17.1%,50.0%,10,78.7%,46,384,298,111,267.7,1.66,0.9,62,17,0
6c03fde9-63c6-539f-8282-b263c925b6fb,loathing,rukit,18.5%,75.7%,5.8%,164.6,1.41,27.1%,52.1%,186,69.8%,39,"5,830","4,130","1,040",255.9,1.66,0.9,828,331,56
fb7fc000-0a50-5fb9-8537-e87c01271690,Dchavo00,001,,,,,,,,,,,,,,,,,,,
36a7e632-21de-57be-9605-cf5987545dac,No Mic,1317,,,,,,,,,,,,,,,,,,,
621ac680-2179-581d-b8fa-a2586afad384,goop x poop,ohno,,,,,,,,,,,,,,,,,,,
dc5d309a-94d5-55cb-887d-76cfbae3d603,Benobi1Kenobi1,7291,17.2%,75.7%,7.2%,125.2,1.00,17.2%,40.0%,6,72.4%,4,205,204,94,188.9,1.47,0.7,11,7,0
ed9f3370-2294-51d6-9043-e29e26dc210f,illude,9852,24.4%,70.2%,5.4%,143.1,1.04,21.2%,50.9%,115,73.7%,8,"3,561","3,437","1,641",217.4,1.51,0.7,437,192,3
e254326d-3b45-5fa1-a29e-dbbd26ca6855,Brawlstarenjoyer,33333,,,,,,,,,,,,,,,,,,,
e17abc24-a74f-5d80-8926-65405ed3df04,Deepwoken,Vent,22.1%,73.2%,4.7%,155.4,1.06,22.1%,45.5%,5,72.1%,12,181,171,50,234.5,1.35,0.8,30,9,0
02e1dd66-51c4-5b44-aa70-c3bea887dd0c,rudy,coopr,19.8%,76.2%,4.0%,119.4,0.89,15.7%,46.7%,56,69.4%,-11,"1,560","1,754",647,180.9,1.26,0.6,159,87,2
83c24b60-e487-50d9-ac20-3781552fee80,adorecandi,444,,,,,,,,,,,,,,,,,,,
d58845fb-3512-5b41-b7f1-0952267b26ea,Wes,9167,,,,,,,,,,,,,,,,,,,
aa779830-ab91-5e08-a580-d132411c8ffe,footlicker,9579,13.7%,71.4%,14.9%,149.7,1.01,14.2%,46.9%,38,75.3%,-1,"1,277","1,268",550,229.0,1.44,0.8,163,58,2
66c9f2ac-f7d6-5a13-8916-ddc81131e419,love,woken,,,,,,,,,,,,,,,,,,,
0684f355-bd7e-5aeb-a6c5-bcec15866e0f,lilspitbubble,pew,11.7%,85.7%,2.6%,147.7,1.31,11.7%,0.0%,0,77.3%,10,17,13,9,217.0,2.00,0.8,0,2,0
21838ca1-f9b5-562d-b4cb-5201ddfeb96d,twinkalishishs,111,,,,,,,,,,,,,,,,,,,
6345d268-f358-5d43-8e96-156678638a6d,romanticism,444,,,,,,,,,,,,,,,,,,,
25ea7e08-5fc8-5bf8-9b46-24e93da5d332,Blade,1811,36.8%,60.1%,3.1%,147.7,1.21,37.5%,61.8%,21,76.0%,23,552,455,230,219.8,1.72,0.8,59,34,0
267005b6-5f16-5286-a740-acdd575679c5,Swirls,0216,25.9%,69.7%,4.4%,150.5,1.04,25.6%,48.7%,57,69.4%,7,"1,991","1,922",510,225.9,1.30,0.8,354,112,1
7c347194-340b-5a02-bced-d69375828a0e,Cloudy,6189,,,,,,,,,,,,,,,,,,,
d15e716c-0e2e-5084-a082-cc5725ae0901,song,hehe,,,,,,,,,,,,,,,,,,,
6bd46aae-069c-5588-8c30-7afbca75e06c,Asstrid,Angel,,,,,,,,,,,,,,,,,,,
c346c679-62c8-5b13-9470-e69e940d5456,Dr House,show,27.5%,66.4%,6.2%,154.7,1.18,28.3%,55.6%,40,72.4%,18,"1,267","1,070",295,236.2,1.46,0.8,156,70,2
a988a490-2aa5-56c3-b909-82de609703a3,Duck,32454,37.8%,59.1%,3.1%,130.5,1.03,40.9%,45.5%,61,71.2%,-4,"2,084","2,015",538,198.6,1.30,0.7,228,124,1
4b9fd67d-6982-5987-afe2-9dafdbd3e2dd,SubToRuixingggYT,八方来财,42.3%,53.0%,4.7%,170.4,1.24,36.2%,75.9%,44,74.2%,27,"1,148",924,341,265.7,1.61,0.9,168,57,3
2d9071de-21bf-5b69-b13e-6da4df300846,Lord Fader,8888,10.1%,73.8%,16.1%,89.5,0.56,10.1%,33.3%,4,64.9%,-50,119,212,58,128.3,0.83,0.4,14,10,0
802b62f5-a64b-5c9b-83e9-f0618eb0092e,Liε,Lie,18.8%,76.1%,5.2%,146.0,0.98,20.7%,38.9%,14,70.7%,-6,564,573,152,222.6,1.25,0.8,80,25,2
06df44fa-4d73-58f0-be83-0c1174ce3fea,um actually,ahem,29.2%,64.4%,6.4%,123.4,0.87,32.2%,40.4%,23,71.2%,-13,780,894,401,186.9,1.32,0.6,91,51,0
fa490635-9f32-5497-a550-59320262e3b2,TREMBORAGE,6553,22.0%,71.9%,6.1%,117.6,0.82,21.7%,48.8%,21,64.8%,-18,527,645,180,175.7,1.10,0.6,56,41,0
e6d2d7bd-fc4d-592e-a98b-1e62034cdd9a,minky,4825,,,,,,,,,,,,,,,,,,,
4dc8acae-518b-51f0-846b-cb3cee7c6003,Tdog,1974,,,,,,,,,,,,,,,,,,,
7db78a81-80b5-59e1-9306-f431f9976da1,Tallerthanyou,tall,28.3%,66.3%,5.3%,136.3,0.93,31.4%,51.4%,150,71.9%,-13,"4,500","4,827","1,690",204.4,1.28,0.7,472,236,5
0f73a691-60cd-5571-b5e8-297da01b38d5,TeeGlizzy,2920,,,,,,,,,,,,,,,,,,,
f6bd82d0-8118-5d98-b913-5f45179e51ef,celsiusaddict,3426,,,,,,,,,,,,,,,,,,,
567adea7-009b-5065-8121-339865117373,Jollygreen333,6831,,,,128.2,0.97,22.1%,47.4%,18,74.7%,-8,195,201,66,200.8,1.30,0.7,25,9,1
f680805b-1347-534b-90f2-321552bd1fa7,ItzGroovy,0001,11.1%,81.1%,7.8%,117.6,0.94,11.1%,10.0%,1,64.5%,-8,138,147,66,179.4,1.39,0.6,7,11,1
d5ffd2ea-f23b-55d0-a2a0-07961d0c0ccd,AussidileFan,5335,24.2%,71.8%,3.9%,135.8,0.85,24.8%,37.1%,13,67.2%,-13,481,569,184,200.6,1.17,0.7,63,23,0
078d4d59-8a1d-599c-a857-4bde2475c47f,WheatBread,2001,,,,,,,,,,,,,,,,,,,
4d8b172a-538c-5ac8-8e60-03066c628f2c,lookin4boyfriend,0303,,,,,,,,,,,,,,,,,,,
4e498b00-63de-5125-b374-f25d94ad862e,ACE Pluto,yumi,,,,,,,,,,,,,,,,,,,
dc2e440a-e119-56ff-8e91-32c0b4ac0232,Wickolas,Puppy,17.2%,76.7%,6.1%,138.2,0.89,17.2%,40.0%,6,66.4%,-17,231,261,83,210.3,1.20,0.7,36,13,0
ab97d759-a6d6-519a-8870-559c47f0dc70,ittzkiki,1163,,,,,,,,,,,,,,,,,,,
b7b13c25-7187-5b2a-b2f1-2ba90dcc314f,meadows0nline,DCYP,,,,,,,,,,,,,,,,,,,
addcfe0f-7f91-5596-82f3-dea0e40cf3a9,JasmineMilkTea,6191,20.6%,71.4%,7.9%,175.5,1.62,20.6%,100.0%,1,73.9%,27,21,13,8,260.3,2.23,0.9,2,1,0
34b42c47-8de3-5936-b24e-260f415ca69e,Flerk11,1061,26.8%,69.0%,4.2%,140.1,0.92,26.1%,45.5%,20,69.8%,-8,663,719,153,211.0,1.13,0.7,134,33,1
189f6fa0-578f-5e51-b2b7-ba2fbc530782,paint,mines,35.5%,60.5%,4.1%,171.7,1.25,35.0%,50.9%,29,71.8%,30,"1,042",835,215,264.3,1.51,0.9,168,38,4
abb7c1ce-9af9-582c-ae71-8ce56ebeaa3f,kristine derp,9462,9.5%,77.2%,13.4%,113.5,0.82,9.5%,42.9%,3,73.7%,-13,84,103,51,167.7,1.31,0.6,7,5,0
ed5bbf2a-bab2-5111-83a8-c8d63d3f9bca,1DRM1,1405,,,,,,,,,,,,,,,,,,,
a9d402e9-4b8d-528b-bec6-e9672be40695,choerry,0516,26.9%,68.7%,4.4%,122.0,0.96,26.9%,63.6%,7,68.9%,-7,161,168,39,187.7,1.19,0.7,20,8,0
5444c327-aa6e-59ee-adfb-105db7d54ab7,i finger paint,mines,,,,,,,,,,,,,,,,,,,
8920b4d9-3a15-58ca-af81-8769c7fad199,jigsaw,0hoes,18.6%,74.1%,7.3%,132.9,1.00,19.3%,57.8%,52,71.3%,-7,"1,375","1,381",576,205.5,1.41,0.7,161,65,0
e336aed6-4a3b-57fc-b076-56e5e950e6d3,Lemx0q,omen,,,,,,,,,,,,,,,,,,,
234547a5-04e5-52bb-89cf-56063147793a,cam da cannon,6774,,,,141.8,1.14,31.4%,58.6%,17,72.5%,13,423,370,113,209.9,1.45,0.8,26,20,1
01ee3597-8012-5c7a-8ae6-00ce58584334,june,zzzz,25.8%,70.1%,4.1%,190.4,1.41,25.8%,78.6%,11,73.9%,54,323,229,70,284.2,1.72,1.0,49,16,2
6aaca4ed-11bd-50eb-aa4c-1457daf8ee0b,june,zxzx,24.5%,70.6%,4.9%,151.0,0.92,24.1%,56.7%,17,68.4%,1,500,545,143,224.4,1.18,0.7,102,20,1
a1d944cf-1aff-5fac-ab4d-a899e76d5984,G2 Cr0wzo,yay,22.2%,70.9%,7.0%,141.8,1.00,22.1%,40.4%,19,74.1%,7,687,688,296,213.2,1.43,0.7,86,33,0
955fb561-e9e8-57b5-98f7-77a4dbf48a44,xiaoting,0416,20.6%,72.1%,7.3%,147.0,0.95,19.0%,55.6%,20,68.9%,-4,560,587,173,224.9,1.25,0.8,92,19,3
792a812e-d514-5d5d-8687-b8037761e428,desruC,6984,25.5%,68.5%,6.0%,133.8,0.98,23.9%,55.0%,22,69.1%,-1,616,630,190,201.6,1.28,0.7,88,34,0
2aa9164b-8576-52f9-b7a2-3affd5fc69fc,ZackTheMan20,NA1,,,,,,,,,,,,,,,,,,,
c7b0f1a6-16f2-54f8-a726-8e6559e3a7d6,ChiisaiAhiru,Ahiru,,,,,,,,,,,,,,,,,,,
30c0b652-d2f5-5c81-b934-439c2b8ed053,rezimine,vora,20.5%,75.1%,4.5%,130.6,0.89,18.6%,50.9%,27,67.0%,-12,744,838,277,192.8,1.22,0.7,88,34,0
ae748ae6-3d7e-58ce-ac11-d7edb844dcc4,Jey,8770,,,,,,,,,,,,,,,,,,,
5ea2f40a-bcdb-53e2-a977-db1f26d3db27,Skynexx,1738,,,,,,,,,,,,,,,,,,,
f8132fd0-25a8-559d-9cfe-c990f613ba1a,catpersonX3,meow,19.1%,80.9%,0.0%,206.7,1.12,19.1%,33.3%,1,76.1%,43,47,42,11,333.8,1.38,1.0,15,2,0
21f242e4-367b-5012-b72b-326b7b02b05d,DopamineX,NSFWX,,,,,,,,,,,,,,,,,,,
5339700c-7f76-5229-8241-170dfd5b5976,Sleign,4662,25.8%,66.2%,8.0%,154.3,1.37,25.9%,66.7%,22,75.4%,27,593,432,144,245.2,1.71,0.9,62,18,4
e617c870-42c0-533c-ae47-b792d384b15a,Ultraviolet,wip,44.1%,52.9%,2.9%,240.7,2.46,44.1%,100.0%,1,87.0%,126,32,13,4,379.6,2.77,1.4,2,1,0
5fb9b76c-13a2-5424-b322-1cab5c32fb4c,oob,3j2,29.5%,65.9%,4.6%,149.7,0.99,29.6%,51.1%,70,70.8%,-3,"2,261","2,289",701,223.6,1.29,0.8,302,92,3
38153fbd-d1a0-5bd3-8b09-ee307275e045,Akuma,7989,32.7%,63.8%,3.4%,119.9,0.80,29.8%,54.8%,17,66.8%,-21,419,522,169,175.3,1.13,0.6,56,24,1
6adb4910-84ca-5b0f-adbd-1eddc1d999ff,texture,KRI,27.6%,66.5%,5.9%,174.5,1.30,30.2%,58.2%,131,73.0%,34,"4,483","3,436","1,008",269.8,1.60,1.0,709,166,9
d9b17a12-4213-5de6-9e23-c2e76fadcee6,Cryogen,fly,34.7%,62.1%,3.2%,147.0,1.04,29.9%,60.0%,24,69.1%,12,638,614,151,214.8,1.29,0.8,86,33,1
9bdbeb97-667a-590d-a409-87d81e9df43a,tuhx loves bread,2259,16.9%,76.9%,6.2%,133.8,0.83,16.9%,50.0%,10,68.1%,-18,276,334,101,200.1,1.13,0.7,37,12,0
0a13fcdf-b305-5dab-9e3f-b00d9d32d5dc,Pochita ジ,DOG,,,,138.8,1.06,28.6%,50.3%,80,73.3%,6,875,822,411,217.1,1.56,0.8,96,28,3
e7a26237-7ec3-5780-8676-f9f01fafc0c4,Stin,6889,23.0%,72.0%,5.0%,180.3,1.29,23.0%,28.6%,4,73.0%,36,297,231,67,271.7,1.58,1.0,46,15,2
003f1ca7-ce96-5bf1-b042-c0da89a3d653,alex g,aji,46.3%,51.9%,1.9%,224.9,1.44,46.3%,0.0%,0,95.2%,81,26,18,4,362.8,1.67,1.2,4,0,2
e922aa3f-7122-5452-b39a-399558db0cc5,Parka,king,35.0%,60.0%,5.0%,105.9,0.62,35.0%,16.7%,1,51.6%,-52,67,108,13,151.5,0.74,0.5,8,3,1
2e367ca9-558f-567d-a1ee-a1b1a6ca8652,EVX GARDYAN,D3MON,28.3%,66.4%,5.3%,133.4,0.97,28.3%,48.0%,48,69.1%,-6,"1,472","1,518",451,202.6,1.27,0.7,211,68,0
0ad876a6-fceb-5df0-8ff7-87a0e1fa47b1,AT Napples,Fruit,15.9%,74.1%,10.0%,134.5,0.93,16.2%,45.5%,66,71.5%,-4,"2,124","2,280",834,203.6,1.30,0.7,353,112,3
2c36b91b-fb71-5a2d-8f7e-22054b663405,am4nhasnoname,5463,18.8%,75.0%,6.1%,118.1,0.88,17.8%,50.0%,150,72.2%,-10,"3,707","4,208","2,063",176.7,1.37,0.6,287,248,2
ed2125a5-6320-5115-b53a-47e4d1fc3d64,Sharpy,0110,26.2%,63.0%,10.8%,154.1,1.08,26.2%,33.3%,2,66.7%,11,97,90,37,242.0,1.49,0.8,18,2,0
8818f69b-c71a-57af-be99-a4ee93dfc8c2,oof,noaim,,,,,,,,,,,,,,,,,,,
25bfbcaa-fd3e-5549-a43b-d21faf8b7feb,fun,006,,,,,,,,,,,,,,,,,,,
f72ecbc5-4746-5d08-a986-c48a4a66aa75,GWz1n,OSS,34.8%,62.2%,3.1%,150.5,1.05,29.8%,48.0%,82,72.1%,10,"2,760","2,618",828,222.0,1.37,0.8,366,141,4
93489fce-3524-570d-8b9b-01bfaf528d63,Zekron,aura,32.7%,60.7%,6.6%,149.8,1.05,33.9%,46.7%,42,68.8%,8,"1,467","1,394",326,225.9,1.29,0.8,291,77,3
bea5d536-7888-5301-84d4-51a4ea42e42e,PUR cxL,kawra,42.5%,53.6%,3.8%,143.5,1.00,42.2%,51.7%,104,71.0%,1,"3,296","3,301",936,212.6,1.28,0.8,404,145,2